-0.096297390759,0.0586334131658,-0.0158540867269,0.0767696201801,-0.109344020486,0.109971217811,0.00324887176976,0.0731237381697,0.0901461318135,0.071140088141,0.102452024817,-0.00664340751246,0.0184728670865,-0.0346249938011,-0.0194398220628,-0.0590793825686,-0.138913959265,0.107813738286,-0.0230839587748,-0.130521669984,0.100540794432,-0.140335842967,0.0121426926926,-0.0464323759079,0.0875615999103,-0.0457617007196,-0.00865963380784,-0.117755517364,-0.0434312783182,0.018819693476,0.066709280014,0.053638510406,0.0811838135123,0.00720310583711,-0.037027221173,-0.0100270183757,-0.0696973130107,-0.00259778345935,-0.0536044239998,0.0126709919423,0.111752107739,-0.129660561681,-0.0393180288374,0.127854809165,-0.12442420423,-0.202325880528,0.0307319648564,-0.133028015494,-0.0280457735062,-0.126220315695,0.0967861264944,0.0559735745192,-0.0382173396647,0.0378330051899,0.0111317057163,0.137147560716,0.0603301003575,-0.0911231711507,0.0722562968731,-0.112082749605,-0.10219245404,-0.157567754388,0.0103302998468,-0.0185141768306,0.0675177574158,0.0410635210574,0.0387006290257,-0.0366173237562,0.0319719947875,0.173872455955,-0.00679878564551,0.0293049141765,-0.00936220120639,-0.0856183320284,0.0401377417147,-0.0286754779518,-0.0959343239665,0.0151156289503,-0.156668141484,-0.0106637785211,-0.193650901318,-0.00358557864092,0.0988996326923,0.0316764377058,-0.0758705735207,0.112143583596,0.131860941648,-0.029837815091,0.0289006922394,-0.0520700924098,-0.11581697315,-0.129477530718,-0.051882494241,-0.159398421645,-0.0705213695765,-0.0863460078835,-0.0803600773215,0.0715621858835,0.0268502589315,0.0605530664325,0.0127442376688,0.037799756974,0.110986076295,0.0356273204088,0.113542281091,-0.013778777793,-0.0197048466653,0.0848481878638,-0.0302978996187,-0.121458470821,-0.166367828846,-0.0044061630033,-0.096017844975,-0.123042903841,0.100548759103,-0.047749903053,0.0643812119961,-0.12078204751,0.210715696216,0.0429273657501,0.141711011529,-0.0785658434033,-0.0350779220462,-0.00416410062462,0.124143011868,0.0112037081271,0.123234674335,0.233451843262
-0.105323702097,0.0761946365237,-0.0217121206224,0.0537584424019,-0.129825994372,0.113934129477,0.00866816099733,0.0659215897322,0.125074073672,0.0384110510349,0.0824479460716,-0.0194096490741,0.0404455065727,-0.00450481800362,-0.0505384430289,-0.0748577564955,-0.147247955203,0.0905131548643,-0.0541899204254,-0.14121606946,0.119863025844,-0.144294083118,0.0109837967902,-0.0277322065085,0.0692328214645,-0.0622947476804,-0.0266613494605,-0.105222500861,-0.025160798803,0.043602488935,0.0795569568872,0.0558775514364,0.0903340578079,0.00288711464964,-0.0436993390322,-0.0212625656277,-0.070633649826,0.0451796837151,-0.0679519847035,0.0168005507439,0.0941339805722,-0.119195766747,-0.048434432596,0.11622440815,-0.101584896445,-0.21646271646,0.0167041029781,-0.128340914845,-0.0249020494521,-0.123459413648,0.0653627365828,0.0675171017647,0.00661953398958,0.0435073561966,0.00992237403989,0.146445453167,0.0743200182915,-0.0592505559325,0.0715319439769,-0.160704761744,-0.112676173449,-0.124383129179,0.0282475166023,-0.0150522533804,0.0329090505838,0.0697932392359,0.0590522475541,-0.0335014127195,0.00764717208222,0.15305352211,-0.0054073035717,-0.0103871431202,-0.0173924285918,-0.0817921459675,0.0624003633857,-0.0112207308412,-0.102925784886,-0.0393250361085,-0.14396341145,0.00256033265032,-0.18868856132,-0.00117058574688,0.104509659111,0.027886422351,-0.066615447402,0.108942762017,0.124316990376,-0.0388315990567,0.0365124605596,-0.0473658628762,-0.109816499054,-0.161329835653,-0.0208861734718,-0.159469142556,-0.0612285807729,-0.0870975926518,-0.0915179252625,0.0911949649453,0.0298315118998,0.0720507204533,0.0440224297345,0.0451794750988,0.102570109069,0.0633164048195,0.0791996866465,-0.0124108595774,-0.034584864974,0.072431653738,-0.0301874317229,-0.144091710448,-0.138957902789,0.00118987145834,-0.118775211275,-0.114877484739,0.087427392602,-0.00720174005255,0.0486801825464,-0.104869350791,0.221848845482,0.0529476068914,0.136042252183,-0.0939454585314,-0.0488168932497,-0.0315289013088,0.0964895784855,0.0272285826504,0.101455152035,0.231008291245
-0.0700171291828,0.0694264546037,-0.00690339133143,-0.0590657480061,-0.0492423735559,0.0570574142039,0.0359948948026,0.0898567661643,0.0776335224509,0.161055609584,0.0977957993746,-0.0883550792933,0.0102710369974,-0.0544238649309,0.0727457106113,-0.0407642759383,-0.146491542459,0.104044884443,-0.0118834674358,-0.178946599364,0.0359167121351,-0.0116251595318,0.037438493222,-0.221814855933,0.0455075465143,0.0288273561746,0.0171983223408,-0.0596931986511,0.0711090192199,-0.0344858057797,0.036801867187,0.0541364587843,0.084899969399,-0.028845153749,0.0591390952468,-0.0947764441371,-0.00602185586467,0.0896304622293,0.107224687934,-0.00778577011079,0.0820584222674,-0.120254658163,-0.10349200666,0.0881332308054,-0.148224592209,-0.133424520493,-0.0971007794142,-0.0346925035119,-0.00871833227575,-0.192451551557,-0.0124690616503,0.171955093741,-0.031974799931,0.0353003516793,-0.134399473667,0.0427309684455,0.137555614114,-0.149243801832,-0.0773480832577,-0.0559583120048,-0.102002233267,-0.207113608718,0.0431597232819,0.0824694484472,0.02451505512,0.0982560664415,-0.00562163349241,0.0787458494306,0.111392274499,0.0611504502594,-0.00109672313556,-0.0105689680204,-0.0147385634482,-0.0743811428547,0.025902736932,-0.0821240097284,-0.136902913451,-0.075458034873,-0.0883998051286,-0.00802280008793,-0.0915419757366,-0.00548991933465,0.11936763674,0.0919931158423,0.00632833922282,0.0206475332379,0.114781469107,0.0518904477358,0.0845983996987,-0.0425151474774,-0.0374638214707,-0.0477738231421,-0.0666690692306,-0.0476044751704,-0.088606134057,-0.170450896025,-0.0777666047215,0.0553098022938,0.00493592582643,0.0213858615607,0.072716280818,0.00799838081002,0.089133001864,0.00122930901125,0.157031089067,-0.0493703372777,0.0807945281267,0.0741062387824,0.146898761392,-0.0802768617868,-0.0682626441121,-0.0111718354747,-0.10446896404,-0.0236870348454,0.123617082834,-0.049105938524,-0.0151088451967,-0.0467452518642,0.177749857306,-0.0430519916117,0.156620159745,-0.0942748486996,-0.0181839130819,0.000605228764471,0.137575268745,-0.054618395865,0.11161030829,0.192783251405
-0.0565519146621,0.00870998390019,-0.0148788811639,0.0140439132228,-0.0884456858039,0.12807816267,-0.0402642674744,0.0994932428002,0.0630418434739,0.128745853901,0.124337241054,-0.0620860792696,-0.00357150216587,-0.0271686539054,0.0645812898874,-0.0659857988358,-0.130648359656,0.0929573625326,0.0722239539027,-0.137443840504,0.0460154302418,-0.0538069270551,0.0529467277229,-0.125489249825,0.0957774072886,0.0169199500233,0.0627040490508,-0.0720368400216,0.00603690743446,-0.0566420331597,0.0747666582465,-0.0208536665887,0.0840897262096,-0.0273640044034,0.02453196235,-0.0144494436681,-0.0354929715395,0.0239158980548,0.0646211504936,-0.0215899683535,0.0676565915346,-0.116434752941,-0.0930841043592,0.08212710917,-0.156621962786,-0.258182257414,-0.0510939918458,-0.0603548102081,0.0392080880702,-0.122556678951,0.0339263156056,0.126876488328,-0.00451842369512,0.0586588978767,-0.0578444115818,0.0718204602599,0.110149040818,-0.123812064528,-0.00982748903334,-0.124977707863,-0.132404670119,-0.181369230151,0.0714782327414,0.00790512748063,0.0189222171903,0.13650521636,0.0362577177584,0.0169797968119,0.088609918952,0.1203937307,-0.0253189727664,0.0378535799682,-0.0173753295094,-0.0698388144374,0.0425811968744,-0.108223319054,-0.0957562625408,-0.0558908767998,-0.0831101238728,0.0260794088244,-0.114910148084,-0.0156964398921,0.151207208633,0.0420322827995,0.0205010604113,0.0354949980974,0.0943064242601,0.0698571279645,0.121769182384,-0.0456539951265,-0.0433494672179,-0.0483278892934,-0.0384453088045,-0.0290399510413,-0.0715613514185,-0.171089351177,-0.0829712674022,0.0840088427067,-0.00882064178586,0.0130841908976,0.0528374947608,0.0279430188239,0.0971386283636,-0.0662931501865,0.143755465746,0.0234230291098,0.0900057777762,-0.0239061806351,0.0793057233095,-0.0797016099095,-0.104232661426,0.0118462527171,-0.0247809104621,-0.0548985153437,0.141701444983,-0.0622350946069,0.0608390271664,-0.0513767525554,0.180442526937,-0.0284567736089,0.155731230974,-0.152694776654,0.0180674027652,-0.0567027404904,0.116267904639,0.00606284150854,0.193947911263,0.264344394207
-0.0834787487984,0.0834738537669,0.0524735338986,0.0495911873877,-0.035271666944,0.0781735479832,-0.0102045368403,0.0642450079322,0.102740868926,0.058748818934,0.107677161694,-0.0330009683967,-0.0614828504622,-0.115395560861,0.047811947763,-0.045370336622,-0.111552618444,0.11100050807,0.0294240191579,-0.163080722094,0.124506190419,-0.0242278128862,-0.0341806411743,-0.141657561064,0.137323647737,-0.0187310241163,-0.00673515582457,-0.0968207120895,0.0163214150816,0.00684301042929,0.101994603872,-0.0157601721585,0.0857261717319,-0.00635979184881,0.101404987276,-0.0298770759255,0.0106662167236,-0.0468467064202,0.0761742219329,-0.0381751991808,0.120230704546,-0.083059489727,-0.0239392835647,0.120856776834,-0.0920279324055,-0.135294184089,0.0062885186635,-0.125539705157,-0.0202096607536,-0.184458568692,0.0182784628123,0.115415506065,-0.040183365345,0.0217700656503,-0.0452050976455,0.0878979489207,0.0384752638638,-0.165889278054,-0.0828261077404,-0.063461959362,-0.0528322160244,-0.227768078446,0.00503557408229,0.00900684669614,0.100794784725,-0.0131537672132,0.026485318318,-0.0229248888791,0.0927428081632,0.138756617904,0.0267409328371,0.0348101221025,-0.0318512171507,-0.141925051808,-0.0161715168506,-0.0481926500797,-0.123511262238,0.0588029511273,-0.124991126359,0.00648611085489,-0.167500540614,0.0794222131372,0.119782365859,0.109451167285,0.00367394532077,0.0443040281534,0.109045132995,0.0333622545004,0.0120209185407,-0.0420695468783,-0.0608826987445,-0.061944834888,-0.105912186205,-0.0682116374373,-0.0754026547074,-0.143138378859,-0.0613038092852,0.0226478110999,-0.0312617793679,0.0370622389019,-0.0167953241616,0.00984470453113,0.0655149295926,-0.0462362840772,0.138721421361,-0.0107526695356,0.101677872241,0.0636642500758,0.0354274064302,-0.0383343137801,-0.138280943036,-0.107322178781,-0.139096617699,-0.0655566006899,0.146390378475,-0.0763630867004,-0.00217629340477,-0.130109399557,0.147813931108,-0.0189001727849,0.141789674759,0.0105821704492,-0.0248353611678,0.0269507672638,0.187616184354,-0.0377456843853,0.198715820909,0.18772521615
-0.0839861109853,0.0523337982595,0.0055280579254,-0.0185550991446,-0.0615995302796,0.0833012387156,0.0128169264644,0.0860192775726,0.0973802953959,0.0989863574505,0.083203651011,-0.0586629807949,0.00849681440741,-0.0317327901721,0.0393494814634,-0.0281597841531,-0.129864126444,0.101845741272,0.005201513879,-0.195310130715,0.114178605378,-0.0346112251282,0.0139447981492,-0.181476742029,0.0797104686499,0.0253274869174,-0.0088929515332,-0.0958665236831,0.0398918949068,0.010677754879,0.072676628828,0.0599078014493,0.102533049881,-0.0184434559196,0.059892680496,-0.0644980967045,-0.00204455782659,0.0652317255735,0.0933192744851,-0.0271114613861,0.0894835591316,-0.0935455858707,-0.0476948544383,0.0954354777932,-0.111827477813,-0.176944062114,-0.0438660643995,-0.103638663888,-0.0060031064786,-0.210142746568,0.00782528985292,0.121866181493,0.00180776929483,0.0539349801838,-0.0701096728444,0.0882674455643,0.129272341728,-0.13580827415,-0.0527663305402,-0.108754277229,-0.0869865640998,-0.208879411221,0.0266541372985,0.0371826067567,0.0535822324455,0.0851947888732,0.00869130995125,0.0484324917197,0.102393746376,0.0962317660451,0.00360109680332,-0.00388515810482,-0.0423258133233,-0.121914573014,0.0200554169714,-0.0488736964762,-0.135960847139,-0.0552696809173,-0.113837182522,-0.0028370176442,-0.133330821991,0.0384721830487,0.143412441015,0.0924958065152,-0.00636105937883,0.0292208809406,0.133049443364,0.0443423725665,0.0600529611111,-0.0520214438438,-0.0697553753853,-0.0732151046395,-0.0775454267859,-0.0676567852497,-0.0772851631045,-0.131539240479,-0.074863307178,0.0926706939936,-0.0118205416948,0.0506070442498,0.0523089505732,0.0132521539927,0.0885148271918,0.0107109518722,0.131529971957,-0.0429550632834,0.0545695535839,0.0494039356709,0.0823352336884,-0.101490356028,-0.122673749924,-0.0563980638981,-0.139187037945,-0.0697732493281,0.155662760139,-0.0290193334222,0.00363621627912,-0.0959399789572,0.167671829462,-0.0209530051798,0.166894614696,-0.0654874369502,-0.00372679182328,-0.0299745481461,0.131432399154,-0.0275404434651,0.148688495159,0.224976867437
-0.132928133011,0.0775951594114,0.0437590368092,-0.0371565669775,-0.0823963433504,0.0835891664028,-0.0210222378373,0.100423328578,0.0190870687366,0.139431461692,0.0909069180489,-0.0411896556616,-0.0333110466599,-0.118034310639,0.0492668300867,-0.0227761734277,-0.168723583221,0.0924659818411,0.0639134943485,-0.186103656888,0.0654617249966,-0.0207595508546,0.0238155853003,-0.124736197293,0.0620910823345,0.0610290542245,0.0803588479757,-0.127113357186,0.0626686066389,-0.0530695468187,0.0527691692114,-0.0765998214483,0.0868327319622,-0.0402996018529,0.0555486194789,-0.0526974648237,-0.0320266224444,-0.000741849944461,0.0539205595851,0.0667884796858,0.0857122018933,-0.124314673245,-0.0779473781586,0.153556674719,-0.130067437887,-0.0992367938161,0.0327737145126,-0.1212316975,-0.0821576267481,-0.199658259749,0.0415492989123,0.0904143676162,-0.0630735233426,0.0183160398155,-0.0864364132285,0.112260960042,0.126473978162,-0.102701589465,-0.0454709380865,-0.0345686487854,-0.0633557215333,-0.199866637588,0.0403916835785,0.0650814846158,0.130437329412,-0.0340419858694,-0.00152553524822,-0.0149138579145,0.11201979965,0.142691329122,-0.013257863,0.0337908156216,-0.034137237817,-0.102342188358,0.0622264258564,-0.0509022586048,-0.167745694518,0.102014958858,-0.099846124649,-0.0204840619117,-0.16254851222,0.0147372139618,0.12182802707,0.12391821295,-0.0678167790174,0.0444969981909,0.144398346543,0.0272827986628,-0.00197115936317,-0.0724596604705,-0.0933275818825,-0.0283681154251,-0.077682338655,-0.0739764124155,-0.0655065178871,-0.116666473448,-0.0491103939712,0.0735661014915,0.00932919047773,0.0490976385772,-0.0240921098739,0.0145722841844,0.0483778901398,-0.017837530002,0.161511033773,-0.0482954308391,0.064425162971,0.067900814116,0.0351182557642,-0.103451669216,-0.117371603847,-0.0364161655307,-0.055569101125,-0.0989223644137,0.118097662926,-0.0229168031365,-0.0189555007964,-0.1148019135,0.134990036488,-0.0123631935567,0.136451199651,-0.0835091471672,-0.056698013097,-0.0276965405792,0.113597355783,0.0209191814065,0.0856669321656,0.208520546556
-0.107324041426,0.109010666609,-0.0209636352956,-0.0242438931018,-0.10375995934,0.115369871259,-0.0301867872477,0.0761613249779,0.11307387799,0.0909373536706,0.110830016434,-0.0841471850872,-0.0228179506958,-0.0842546373606,0.0078610368073,-0.0391599684954,-0.165063366294,0.105060353875,0.0226986017078,-0.205153480172,0.108363725245,-0.0342932231724,0.00655157817528,-0.139136075974,0.081249922514,-0.0144218280911,0.0556061416864,-0.0995655506849,0.0650051832199,0.00577360438183,0.088337264955,-0.0519291087985,0.105075441301,-0.050241574645,0.0719229057431,-0.0516950488091,-0.0347544662654,0.00330643216148,0.0588569827378,0.0158304423094,0.0505669973791,-0.119836367667,-0.0792160257697,0.151972100139,-0.0835221856832,-0.16544495523,-0.0174748394638,-0.0911838114262,-0.0544206127524,-0.196514561772,-0.00480481190607,0.1308144629,0.00843103509396,0.0122500853613,-0.119906969368,0.123281590641,0.0960513204336,-0.112372606993,-0.0498963557184,-0.108265653253,-0.0972514972091,-0.178977653384,0.0863352715969,0.0422678217292,0.0592722818255,0.0390560291708,0.026731248945,-0.0122178094462,0.0808968693018,0.112962037325,-0.00574179366231,-0.0265549086034,-0.0449771918356,-0.152392610908,0.035941299051,-0.0610767416656,-0.148356541991,-0.0131345363334,-0.129528447986,0.0107241393998,-0.137612730265,0.0214244592935,0.102133542299,0.0905752927065,-0.0342684835196,0.0802059695125,0.0875977501273,-0.00690269749612,0.0378654636443,-0.035823751241,-0.0671459063888,-0.091312892735,-0.0918121561408,-0.0564600676298,-0.0429400801659,-0.12663140893,-0.0924217477441,0.0718554928899,-0.00482065556571,0.0613146871328,0.0496526621282,0.0162082705647,0.0610247440636,-0.0356529355049,0.1212419644,-0.00923752505332,0.0862092673779,0.0392575636506,0.035129699856,-0.0996795445681,-0.0935478135943,-0.0575927421451,-0.0846083834767,-0.0786034837365,0.124506250024,-0.0101189408451,-0.028577324003,-0.0640020221472,0.200610280037,-0.0253586024046,0.139465615153,-0.123489946127,-0.0371195152402,-0.0393854305148,0.138900399208,0.0103307887912,0.128182977438,0.205769136548
-0.098658837378,0.0651466026902,0.0374125614762,0.00812762603164,-0.116404168308,0.0866730064154,0.00638710521162,0.0891221091151,0.100528143346,0.0959553197026,0.125997841358,-0.0774956792593,-0.0397538281977,-0.099087163806,0.0339373238385,-0.0478178150952,-0.159349784255,0.107162974775,0.0292050689459,-0.201860129833,0.0957357808948,-0.0277209449559,-0.0258344039321,-0.128620803356,0.0744342207909,0.0341142416,0.0284657068551,-0.108759492636,0.070931866765,-0.0280988086015,0.0808642283082,-0.0382941253483,0.0784807056189,-0.0516568683088,0.0824612155557,-0.0601952783763,-0.0432541072369,0.0324574261904,0.0645288899541,0.00735173886642,0.0733071416616,-0.0958581194282,-0.109380125999,0.143388316035,-0.0875052735209,-0.186851099133,-0.037807546556,-0.112991757691,-0.0386413857341,-0.232119843364,-0.00278832134791,0.117940329015,-0.000446270394605,0.0123166674748,-0.102178290486,0.110706076026,0.0823512300849,-0.0998188704252,-0.0508757308126,-0.0863233357668,-0.0907044932246,-0.204539179802,0.0697044506669,0.0622847415507,0.0744045302272,0.0613732524216,0.0454904027283,-0.0446671955287,0.0957804322243,0.0930685400963,-0.00969210453331,-0.0181642193347,-0.00618523312733,-0.109587870538,0.0194495506585,-0.104964129627,-0.154504537582,-0.00859922170639,-0.11246380955,0.00579782063141,-0.12844234705,0.025721097365,0.104344911873,0.0517506785691,-0.00842369999737,0.0321922302246,0.115891344845,0.00757849449292,0.0270030703396,-0.0542235970497,-0.0497627295554,-0.0555629134178,-0.0818019881845,-0.0672845840454,-0.0543049126863,-0.124328836799,-0.058369256556,0.0298994276673,0.00304837734438,0.0743977278471,0.0192065499723,0.0199041273445,0.0663232132792,-0.0543533377349,0.134875372052,-0.0167387798429,0.129624009132,0.0188937932253,0.076293155551,-0.0982643440366,-0.0912520289421,-0.0421703867614,-0.0900137573481,-0.0899710580707,0.153364554048,-0.0308133717626,-0.0183935444802,-0.0863106623292,0.174813792109,-0.0728886201978,0.128208562732,-0.108368776739,-0.03630778566,-0.0357908084989,0.155355677009,0.0135109238327,0.140008494258,0.196555942297
-0.0771124884486,0.106031470001,0.060673493892,0.00745883304626,-0.147818848491,0.0741307884455,0.0371480882168,0.12350628525,0.0655314475298,0.0877983048558,0.0923295021057,-0.114043787122,-0.0327208600938,-0.0303953643888,0.0871837884188,-0.136929556727,-0.149684250355,0.0709582865238,0.0186967775226,-0.200233727694,0.0149204339832,-0.0411974787712,-0.0185243561864,-0.137613534927,0.0711473301053,-0.0263057760894,0.0151490522549,-0.0392659902573,0.0358650609851,-0.0499146580696,0.0500539131463,-0.0304843708873,0.0742701590061,-0.0255694314837,0.0485722385347,-0.0611662007868,-0.0296785868704,0.0523483194411,-0.013630406931,0.00349601474591,0.0819084346294,-0.110646337271,-0.100533723831,0.130223631859,-0.127778112888,-0.114641666412,-0.0447087101638,-0.105760298669,-0.0598438419402,-0.169076636434,0.00719502894208,0.161321654916,-0.00596797838807,0.0289352796972,-0.0751882642508,0.0958603620529,0.052812371403,-0.105642274022,0.0192589350045,-0.119026362896,-0.103405535221,-0.167894676328,0.0113672120497,0.0511574298143,0.029052073136,0.119353510439,0.0812255591154,-0.0460956133902,0.0641538128257,0.121626868844,0.00629770709202,-0.0414062514901,0.0252709221095,-0.054901316762,0.045844130218,-0.095462679863,-0.146114170551,-0.06113557145,-0.077127084136,-0.00637040799484,-0.147585704923,-0.0204813443124,0.0787300989032,0.0100749935955,0.0261292625219,0.0242133382708,0.0828178450465,-0.0259173903614,0.0641600340605,0.00404768716544,-0.0345737934113,-0.0812054425478,-0.0402474738657,-0.141329646111,-0.0676766335964,-0.139913201332,-0.026793051511,0.0323958061635,0.0346806831658,0.0379369370639,-0.00404675258324,0.08870254457,0.130002319813,-0.0409272760153,0.0579344928265,-0.0118107078597,0.0745266973972,0.0588945820928,0.0792052820325,-0.117610760033,-0.0310674346983,-0.0122580947354,-0.119298703969,-0.0984695479274,0.114239960909,-0.0711126253009,0.0456344038248,-0.126713708043,0.237706363201,-0.0648383274674,0.145248144865,-0.117792852223,-0.0384153425694,0.0124621717259,0.198835760355,-0.0494058653712,0.192273676395,0.184730172157
-0.0603709295392,0.146293640137,0.0670131444931,0.0433108732104,-0.0895294323564,0.12656378746,0.0511263608932,0.0698730498552,0.0914019495249,0.145899355412,0.153231874108,-0.0992909148335,-0.0102904560044,-0.133105188608,0.0708072111011,-0.0217788144946,-0.15436245501,0.108296975493,-0.0685348287225,-0.187725424767,0.106295645237,-0.066123329103,-0.0299053732306,-0.0591020323336,0.117482222617,-0.0414995066822,-0.0321316123009,-0.0791415795684,0.110303930938,-0.0140484534204,0.0960562750697,0.0404058098793,0.00117643002886,0.0219747144729,0.0357702672482,-0.0639607831836,-0.0656040757895,0.0290517769754,0.0656883865595,0.00385890086181,0.0889709144831,-0.160045310855,-0.100061692297,0.100681357086,-0.058056794107,-0.183468237519,-0.0439729616046,-0.042131844908,-0.068251490593,-0.198656827211,0.0604321844876,0.176855832338,-0.0620668381453,-0.0283992085606,-0.0846927762032,0.0953775271773,0.0343560017645,-0.0886901468039,-0.0193748436868,-0.0905042141676,-0.115468785167,-0.191072463989,0.0475241951644,0.0179582424462,0.0396552607417,0.105580866337,0.0338143780828,-0.0211405754089,0.0169732477516,0.1330588907,-0.0262980796397,0.0477053970098,-0.0309057291597,-0.0478597357869,0.0285492930561,-0.135779961944,-0.0886570960283,0.0136555088684,-0.0989267602563,0.0449488908052,-0.0972299575806,-0.00682853348553,0.102086447179,0.0105490386486,-0.0187455676496,0.0351242981851,0.107080250978,-0.00698810210451,0.047888148576,-0.0120056755841,-0.0325830057263,-0.0810525864363,-0.086955063045,-0.0569827035069,-0.0904033854604,-0.116172470152,-0.0691476911306,-0.00165926734917,0.0300389714539,0.0450304783881,0.0515437424183,0.0202412772924,0.0507575161755,0.0282797403634,0.134057223797,-0.000368496082956,0.0803721919656,0.078426130116,0.137422323227,-0.113028816879,-0.0923776105046,0.0532036311924,-0.127954035997,-0.0516557432711,0.18990623951,-0.048521887511,-0.026709927246,-0.0429265983403,0.191332563758,0.00450001424178,0.136716872454,-0.0785443559289,-0.0308267418295,0.0388412177563,0.147022694349,0.00918150413781,0.14600494504,0.146142855287
-0.0824943259358,0.0437016226351,0.0759761556983,-0.00814986601472,-0.0634674578905,0.127047404647,0.0064072906971,0.0734862908721,0.097136169672,0.0610331781209,0.12111158669,-0.0496233478189,-0.0525179244578,-0.0720113366842,0.0949535891414,-0.0825978815556,-0.191988617182,0.07947281003,0.00248541124165,-0.205387338996,0.0537300147116,0.0332260839641,-0.0151199065149,-0.132951006293,0.100345596671,0.0146979736164,0.0393234044313,-0.0566578991711,0.0275272130966,-0.0643290132284,0.108214825392,-0.048106405884,0.0430789031088,-0.0106984879822,0.0636231079698,-0.0169434398413,-0.0469116456807,-0.0388229750097,0.0598786175251,0.0413157381117,0.146127521992,-0.0945193916559,-0.093973852694,0.139013677835,-0.1444876194,-0.192615643144,-0.0624124072492,-0.0889506116509,0.00721824355423,-0.169237375259,-0.00230017350987,0.103342860937,-0.0455107986927,0.0246551241726,-0.0887969583273,0.0951092988253,0.0295819714665,-0.0651302337646,-0.0706699490547,-0.0437957532704,-0.12791121006,-0.18555213511,0.0635725557804,0.0563095100224,0.0570333451033,0.0716852843761,0.0544242337346,-0.0163094010204,0.0877549797297,0.156960055232,0.0176580119878,0.0410030521452,0.0256061833352,-0.0763879343867,0.0387587808073,-0.0935709923506,-0.16035720706,-0.0429750755429,-0.124157689512,0.00747310556471,-0.0819263979793,0.0254425592721,0.157102227211,0.0744292065501,-0.0253139846027,0.0216787885875,0.153776690364,0.0256188418716,-0.00107758969534,-0.0255240015686,-0.0102807767689,-0.0719032734632,-0.07352796942,-0.069570556283,-0.084487490356,-0.140635147691,-0.0954916626215,0.00518744112924,0.00956377200782,0.063966318965,-0.0178786274046,0.0185485854745,0.0798565819859,-0.068458430469,0.135054543614,0.000273864483461,0.0830050483346,0.031991802156,0.0513198561966,-0.0788944661617,-0.055685646832,-0.0303649269044,-0.0927147865295,-0.0506763793528,0.135610729456,-0.0549413971603,0.0258814524859,-0.0544926598668,0.174213349819,-0.0311409253627,0.186233192682,-0.103132158518,-0.0346329621971,-0.0088843004778,0.15103328228,-0.0105595160276,0.160173326731,0.231019333005
-0.0723251923919,0.0867797583342,0.0590964779258,0.0509364157915,-0.03392264992,0.0856364816427,0.0264262929559,0.0512853339314,0.123330496252,0.076020643115,0.132905736566,-0.0614557303488,-0.026017613709,-0.0957283005118,0.0562870316207,-0.0312376022339,-0.147670716047,0.12800386548,-0.0363280251622,-0.126440361142,0.132908880711,-0.0384503975511,-0.0101926950738,-0.108620360494,0.118978135288,-0.0193549506366,-0.0526542626321,-0.0807995945215,0.0898821055889,0.00163492572028,0.104235865176,0.0442238710821,0.06735753268,0.00373959448189,0.0870572403073,-0.0355442687869,-0.0128147490323,0.0335734598339,0.0634118765593,-0.069082506001,0.119166627526,-0.102441184223,-0.0330910757184,0.124465718865,-0.125024795532,-0.218458876014,-0.0184791218489,-0.066300727427,0.0105335554108,-0.163384094834,-0.00694941543043,0.117029316723,-0.052256770432,0.0246328748763,-0.0264721307904,0.0758997127414,0.0343986824155,-0.122802481055,-0.0576575323939,-0.112554319203,-0.120604678988,-0.215717405081,0.0565321743488,0.0332761369646,0.0530861392617,0.0953319221735,0.0225772485137,-0.0542042702436,0.0613491088152,0.116736494005,-0.00603515794501,0.0354332961142,0.00224836519919,-0.0607120022178,0.0119505468756,-0.136509478092,-0.103111542761,-0.00276386691257,-0.102983310819,0.00322702899575,-0.079073920846,0.0625206828117,0.115200847387,0.0533455684781,0.0379724651575,0.030813165009,0.0940127819777,0.0646617636085,0.0630044043064,-0.00946202687919,0.00939948670566,-0.0718631893396,-0.117517545819,-0.0836481750011,-0.0772912576795,-0.156208410859,-0.105902500451,0.0665766596794,-0.0103236967698,0.0352172255516,0.0272112526,0.00104352214839,0.106012523174,-0.0394174456596,0.126950740814,0.0242760181427,0.117733068764,0.057503208518,0.154277890921,-0.0667271688581,-0.1173273772,-0.0109562464058,-0.147630289197,-0.0317856520414,0.167964115739,-0.0742418989539,0.0474421568215,-0.0870858207345,0.160613209009,-0.0098410109058,0.155139014125,-0.0292530972511,-0.00610952172428,0.0245470330119,0.109157711267,-0.0193482786417,0.206874415278,0.203496217728
-0.0810540467501,0.104055695236,0.106576494873,0.0235128942877,-0.0944295749068,0.0992010757327,0.00368842761964,0.0549718812108,0.115669645369,0.0391450598836,0.125006318092,-0.0859327688813,0.00574626447633,-0.0605531856418,0.0334730185568,-0.0335427932441,-0.141669660807,0.115165293217,-0.0756810158491,-0.184850245714,0.17220813036,-0.0406566150486,0.0100272521377,-0.0567484274507,0.0956879928708,-0.0283606927842,-0.0476399250329,-0.0945694968104,0.0878062918782,0.000765128119383,0.119317993522,0.00683078914881,0.0593480914831,0.00314203626476,0.0661050900817,-0.0565300881863,-0.0498861260712,0.103130854666,0.0528753809631,0.00238838023506,0.0677307099104,-0.0698938071728,-0.104773268104,0.0960961431265,-0.0668799355626,-0.200671091676,-0.032353606075,-0.0995756313205,-0.0454041846097,-0.196369662881,0.00764239300042,0.139401957393,-0.000230297999224,0.0175179056823,-0.08028177917,0.0948296263814,0.0924063175917,-0.0739225372672,-0.0309239663184,-0.148818284273,-0.105818323791,-0.167308524251,0.0366079434752,0.0437503680587,0.0372779592872,0.0798141658306,0.0562416911125,-0.00423552142456,0.0363533757627,0.138488262892,0.0147117013112,-0.0121792275459,-0.0209434982389,-0.0993290692568,0.0374905243516,-0.101432174444,-0.159745827317,-0.0438496880233,-0.09417976439,0.0575957037508,-0.124373398721,0.0423064567149,0.124452508986,0.0270518548787,-0.0105210123584,0.0235157683492,0.119058541954,0.00802743155509,0.00362292118371,-0.0406638085842,-0.0360651649535,-0.101700186729,-0.0475422218442,-0.0676286965609,-0.0806425735354,-0.139209851623,-0.0933199748397,0.0715664625168,-0.00760449515656,0.0601826533675,0.0472807437181,0.0325064621866,0.0541513822973,0.0399821773171,0.130670383573,-0.0135066108778,0.0822072327137,0.0463355667889,0.139963209629,-0.149958774447,-0.104328520596,0.000998641946353,-0.165924072266,-0.0444246120751,0.170197933912,0.0117315435782,-0.0519477315247,-0.0817092731595,0.158037871122,0.00519693130627,0.120604604483,-0.0494959875941,-0.0718450918794,-0.0119999879971,0.131234541535,0.0218253433704,0.155592963099,0.191530555487
-0.0359447859228,0.0568028129637,0.00757118035108,0.0609948858619,-0.0332647673786,0.118541844189,0.0458651781082,0.0273251179606,0.0662282332778,0.0955170989037,0.131931215525,-0.0231688767672,-0.00562099413946,-0.0782071873546,0.0170067511499,-0.0202652458102,-0.137992456555,0.123187117279,0.00291275023483,-0.161316588521,0.155648693442,-0.0686131045222,0.0236102323979,-0.0953491479158,0.137006834149,-0.0125968242064,-0.0194402430207,-0.123569220304,0.0610352158546,0.0522101335227,0.0632084682584,0.0451055243611,0.0477658547461,-0.00690740533173,0.0504846088588,-0.0811336487532,-0.073668859899,0.0270249601454,0.0963777601719,-0.0452129878104,0.0801503583789,-0.110428661108,-0.0650563687086,0.112825199962,-0.133112519979,-0.20811894536,-0.0300733242184,-0.0956250652671,0.000907736713998,-0.187960654497,0.0714765414596,0.151319742203,-0.0145553434268,0.017526505515,-0.0397417508066,0.083166398108,0.109775580466,-0.0740128979087,-0.0437209308147,-0.0791504085064,-0.0896446704865,-0.209019958973,0.0804952383041,0.0189050473273,0.0739671736956,0.0687497481704,-0.00492764310911,0.00350771937519,0.045537840575,0.135417640209,-0.00948452204466,0.0680674538016,-0.0471201017499,-0.102793633938,-0.00397883122787,-0.0726467296481,-0.0870792046189,-0.0432935319841,-0.120791055262,0.0621183104813,-0.122427619994,0.00576164387167,0.153327688575,0.0602517835796,-0.0158097017556,0.0117441881448,0.123524516821,0.0225303098559,0.0375813134015,-0.0572600290179,-0.0542045496404,-0.0795975700021,-0.100376859307,-0.0399212241173,-0.0986443310976,-0.15947586298,-0.0817244127393,0.0661471933126,0.0298447199166,0.0396814160049,0.0793762430549,0.0393121615052,0.0925057828426,0.023026233539,0.135679930449,-0.0138585576788,0.0908841267228,0.079092502594,0.114313021302,-0.10486485064,-0.104769714177,-0.00889003835618,-0.119565673172,-0.0541287362576,0.180348068476,-0.00136603857391,0.0034726280719,-0.0365114696324,0.160029992461,0.034884378314,0.131799653172,-0.0788289830089,-0.0359478108585,-0.0380132645369,0.1206253618,0.0418799854815,0.171127125621,0.219726368785
-0.0466393046081,0.0126903504133,0.0114835761487,0.0176365803927,-0.0617983564734,0.0833446532488,-0.0100025068969,0.112473808229,0.101565301418,0.0719946101308,0.131682217121,-0.0535904690623,-0.00422276370227,-0.0734083354473,0.0754354074597,-0.000474552245578,-0.0940765887499,0.0501501783729,0.0248633716255,-0.144800975919,0.0961278378963,-0.01685462147,0.0568508729339,-0.121298879385,0.0920272916555,0.033485610038,0.0642879456282,-0.120463788509,0.0612486377358,-0.0436544641852,0.107185654342,0.0536677055061,0.124546684325,0.00589173007756,0.0157856475562,-0.0468299500644,0.0112589756027,0.0853943452239,0.0830387622118,-0.0111194485798,0.104799307883,-0.116994313896,-0.101771757007,0.077745296061,-0.125910237432,-0.188550204039,-0.0459901057184,-0.107366725802,0.00394028890878,-0.186889588833,-0.00483989855275,0.127611458302,0.0101527059451,0.0409842990339,-0.0817983597517,0.0717597603798,0.124424390495,-0.126135185361,-0.0645930841565,-0.0754072293639,-0.136732906103,-0.239548578858,0.0391123257577,-0.00188199314289,0.0563131980598,0.0930886045098,0.0257188174874,0.0272875651717,0.0976438969374,0.0874050781131,-0.055553112179,-0.0017920404207,-0.0786371082067,-0.0860619693995,0.0607084073126,-0.100901566446,-0.0888385027647,-0.0102453501895,-0.124480687082,0.0527210235596,-0.133529722691,-0.000245266564889,0.136329889297,0.0405566729605,0.0318144969642,0.032368902117,0.123181112111,0.0508342757821,0.0159547571093,-0.0662027224898,-0.0208463016897,-0.0524114780128,-0.105806782842,-0.0110265379772,-0.0513797067106,-0.116876617074,-0.066280901432,0.0670594871044,0.00819998327643,0.0275256633759,0.0181001555175,-0.0372821725905,0.0597426854074,0.0262646563351,0.145337224007,-0.026418004185,0.0937798917294,0.0317838415504,0.120261624455,-0.137701764703,-0.145596340299,0.00998405460268,-0.0918163508177,-0.0662900209427,0.185797870159,-0.049508780241,-0.00537975272164,-0.108855552971,0.175383225083,0.024203915149,0.156771600246,-0.0548777915537,-0.0117820147425,0.00699247000739,0.140552997589,-0.0161047168076,0.161699667573,0.215368419886
-0.0874532535672,0.0812368839979,0.0724490731955,-0.013788510114,-0.0854418501258,0.111608803272,-0.00681776413694,0.0678104311228,0.0927259102464,0.0449914187193,0.122874140739,-0.0471011959016,-0.0138167534024,-0.0733930394053,0.0141460942104,-0.0373289510608,-0.179229274392,0.0867876037955,-0.0274007245898,-0.193643391132,0.14690476656,-0.0186825338751,-0.00451208511367,-0.118662171066,0.0889385193586,0.0110139101744,0.0210647117347,-0.0782159343362,0.0600050203502,-0.00167666957714,0.0825358256698,-0.03528072685,0.0790276527405,-0.00245585129596,0.0597510933876,-0.0624095313251,-0.0315734297037,0.036586496979,0.0928844437003,0.0140276690945,0.0881570205092,-0.104803860188,-0.0605041757226,0.101057052612,-0.085413724184,-0.198752388358,-0.0303691215813,-0.117931693792,-0.0465886220336,-0.183446362615,-0.000837988976855,0.127888739109,-0.0149471126497,0.0579301267862,-0.0719533488154,0.0995591878891,0.0921177193522,-0.0886393785477,-0.0924876257777,-0.104824841022,-0.0930601879954,-0.187239482999,0.0697939693928,0.0522899851203,0.0524392463267,0.0736812129617,0.0235868748277,0.00617254665121,0.0643502101302,0.120870292187,0.00490225572139,-0.0114041268826,-0.0381493009627,-0.115532778203,0.0639223903418,-0.0575230196118,-0.135452926159,-0.0405826531351,-0.105151191354,0.0411798171699,-0.125284448266,0.0217806082219,0.167566940188,0.0925254225731,-0.0422942154109,0.0509450286627,0.135296598077,0.0295292604715,0.018890786916,-0.0317649058998,-0.0445619449019,-0.118425108492,-0.0698389559984,-0.0244628041983,-0.0940253585577,-0.141600728035,-0.101766183972,0.0637051388621,0.00586236082017,0.0591990798712,0.0357960872352,0.0195081587881,0.0409049354494,0.0149803115055,0.157699674368,-0.00288441847079,0.0830558910966,0.0689380019903,0.0530188977718,-0.14384585619,-0.106284625828,-0.0445340164006,-0.128583997488,-0.0375503450632,0.159472301602,0.00258762063459,-0.0296327248216,-0.043805077672,0.166728168726,0.0013942271471,0.143872693181,-0.0849864929914,-0.0416645780206,-0.0443293079734,0.14248354733,0.0296949781477,0.159061938524,0.213951796293
-0.0796757414937,0.0412100888789,0.025900926441,-0.0248019509017,-0.0720344483852,0.121253237128,-0.0329745970666,0.0793437063694,0.0485366620123,0.0809932276607,0.113287530839,-0.0783397555351,-0.0203834474087,-0.0519956685603,0.0622907280922,-0.0187789034098,-0.167012229562,0.101094655693,0.0427853427827,-0.195037767291,0.0957199186087,-0.00292803370394,0.072909578681,-0.142014190555,0.0914618521929,0.0216771624982,0.0705234706402,-0.0994527637959,0.0586996786296,-0.046235088259,0.083546847105,-0.052632253617,0.0879325121641,-0.0399979129434,0.0608704425395,-0.0484918951988,-0.0550270192325,0.0261832624674,0.0799338519573,0.0216511581093,0.0651624575257,-0.0971647575498,-0.0894376337528,0.133371531963,-0.149646222591,-0.185847744346,-0.0288318879902,-0.0963175818324,-0.0255831349641,-0.171022310853,0.00793541874737,0.104687295854,-0.00114244071301,0.0390505902469,-0.116830281913,0.0875004082918,0.14995008707,-0.0802966058254,-0.0364605374634,-0.0851142928004,-0.116435416043,-0.171446442604,0.0807111561298,0.054092682898,0.0678605660796,0.0819916501641,0.00601330306381,0.0116513445973,0.0897287875414,0.135202020407,-0.0136308092624,0.022161943838,-0.0245463419706,-0.113906085491,0.0511193200946,-0.0934067592025,-0.152000397444,-0.0547587014735,-0.114044398069,0.0255127381533,-0.0973967537284,-0.00571294315159,0.141015231609,0.0742735788226,-0.0342649370432,0.0408258289099,0.106989957392,0.0274384636432,0.0156175475568,-0.0516330450773,-0.0320436470211,-0.0486859604716,-0.0915195867419,-0.0493663586676,-0.053908046335,-0.133824378252,-0.0994854718447,0.121077716351,-0.00363742187619,0.050695437938,0.0288270115852,0.0121751688421,0.08447034657,-0.0323182418942,0.152185976505,-0.0135511159897,0.090929210186,0.029331644997,0.097165338695,-0.127111315727,-0.0842661857605,-0.013104904443,-0.0499165467918,-0.0610561147332,0.142808094621,-0.00424341717735,0.00405214820057,-0.0412437580526,0.168383195996,-0.00732701970264,0.151379436255,-0.136431664228,-0.0321629680693,-0.0611374527216,0.109101720154,0.0192877613008,0.143762990832,0.248254403472
-0.0892423912883,0.0284692551941,-0.0272901188582,0.0116831315681,-0.0306284725666,0.0970703586936,0.017739597708,0.0743009224534,0.130357414484,0.124149955809,0.0857741236687,-0.0438412874937,-0.0219706855714,-0.0544875636697,0.0745417997241,-0.0500489994884,-0.138013318181,0.0955271422863,0.0238789208233,-0.166875049472,0.0393759198487,-0.0319559499621,0.0023294989951,-0.201867908239,0.094033703208,0.0151234120131,-0.0198277253658,-0.0850096866488,0.0144548099488,-0.0292852967978,0.0998827069998,0.0925818905234,0.0827477499843,-0.0273139029741,0.0503000803292,-0.0209658369422,0.00742446817458,0.00520001817495,0.0901481434703,-0.031587831676,0.149285584688,-0.110388159752,-0.0609114170074,0.073659658432,-0.145134881139,-0.200416132808,-0.0641632974148,-0.0670211464167,0.0581980645657,-0.195474162698,-0.0165278315544,0.117559626698,-0.00682068476453,0.0357775613666,-0.0697826445103,0.0788173601031,0.0831545442343,-0.154172331095,-0.0637722685933,-0.0650249794126,-0.126550629735,-0.198752820492,0.0309231542051,0.0109301526099,0.0438153296709,0.119263969362,0.0297396555543,0.0353522896767,0.112780280411,0.0893627256155,-0.00221832981333,0.0440154969692,-0.0132470121607,-0.0699006542563,0.0192488916218,-0.0668674260378,-0.117436937988,-0.0517861545086,-0.132282078266,-0.0305906832218,-0.108370810747,0.052602533251,0.134377270937,0.0912275910377,0.0211191475391,0.050202794373,0.131009757519,0.0719323009253,0.067836150527,-0.0580332875252,-0.0358121879399,-0.0449126176536,-0.0698493719101,-0.0648459941149,-0.0760071128607,-0.143236786127,-0.0853406190872,0.037213075906,-0.0119126187637,0.0468329563737,0.0354834571481,-0.0309437569231,0.0982788726687,-0.0448519699275,0.134589329362,-0.00379121350124,0.0783834531903,0.0243082307279,0.0695175677538,-0.0215188451111,-0.120900072157,-0.0428631938994,-0.09748236835,-0.0691004991531,0.134673774242,-0.0908652544022,0.0327430963516,-0.076925188303,0.184227734804,-0.0387748852372,0.193829551339,-0.0723235532641,0.0209004934877,-0.00288892653771,0.122517794371,-0.040322933346,0.141587376595,0.233928114176
-0.0996276587248,0.0449048578739,0.0600573755801,0.00743744475767,-0.0919045358896,0.0915732830763,-0.036438267678,0.0796184241772,0.0839877426624,0.0720823556185,0.0940969437361,-0.0752959251404,-0.0121509227902,-0.0476580187678,0.062593691051,-0.0151131125167,-0.131621092558,0.103714682162,0.0165235456079,-0.191306993365,0.112477466464,-0.0285202097148,0.0539746657014,-0.123431265354,0.0879471600056,0.021503848955,0.00909048318863,-0.122573681176,0.0378303490579,-0.0407415889204,0.105275712907,0.020097816363,0.102162443101,-0.0185882970691,0.0531795583665,-0.041807807982,-0.0162004400045,0.0765477120876,0.0799400061369,0.0202172622085,0.0790905207396,-0.0823186188936,-0.0927162468433,0.0695901066065,-0.102559655905,-0.184118509293,-0.0180870257318,-0.132342517376,-0.0227130893618,-0.197811961174,0.00877043418586,0.101229727268,0.0229477938265,0.0514691360295,-0.0965854078531,0.0930845066905,0.169569730759,-0.124751612544,-0.0283790882677,-0.111559845507,-0.10011845082,-0.172927707434,0.00915212742984,0.0254947096109,0.0633381381631,0.0852920785546,0.0422592684627,0.0223913509399,0.0944948792458,0.123741105199,-0.00538081256673,0.00399342505261,-0.0420003794134,-0.0960366129875,0.0589293688536,-0.0792458876967,-0.163514345884,-0.0363600887358,-0.117831774056,0.0187019016594,-0.145142033696,0.0409032814205,0.133409559727,0.0594200976193,-0.0171799231321,0.057632021606,0.122323811054,0.026909660548,-0.00386084942147,-0.0796479582787,-0.0584281161428,-0.0505953468382,-0.0461134798825,-0.0625246539712,-0.0627081096172,-0.114768281579,-0.0868720039725,0.110284328461,-0.0141694750637,0.0628769397736,0.0215070303529,-0.0109712099656,0.0652094781399,0.0218307580799,0.162959858775,-0.0331830009818,0.0788962170482,0.0211552288383,0.0878413319588,-0.124212011695,-0.145931258798,-0.0249805245548,-0.0935992971063,-0.0893010422587,0.151965841651,-0.0127045726404,-0.0229100156575,-0.103988572955,0.15937063098,-0.0174285210669,0.153279289603,-0.0670726671815,-0.0334161520004,-0.0394315756857,0.124142296612,0.00477058300748,0.136007741094,0.236214414239
-0.0406345315278,0.0988088101149,0.0168247465044,-0.0227356161922,-0.0244670491666,0.0646673291922,0.0490718893707,0.0674117356539,0.0311849825084,0.135418444872,0.113317444921,-0.0633412674069,0.00781777780503,-0.0564409568906,0.0594508089125,0.00359879992902,-0.113387003541,0.094280809164,-0.00845368672162,-0.167075112462,0.10046851635,-0.0134319709614,0.0196325201541,-0.181090250611,0.0970489159226,0.0454439967871,-0.00603548577055,-0.0601108931005,0.124690741301,0.00798274111003,0.0327310413122,0.0771283730865,0.0480786785483,-0.0101495692506,0.0374058000743,-0.110525749624,-0.0134819922969,0.0946587026119,0.152912303805,-0.00208543031476,0.0781855210662,-0.0876363664865,-0.0394795723259,0.0878737419844,-0.131435930729,-0.158710613847,-0.037932690233,-0.0868785977364,-0.0204281564802,-0.201066941023,0.0353409051895,0.18277464807,-0.071434892714,0.0493977069855,-0.0863923057914,0.0396237373352,0.134106591344,-0.100860901177,-0.0645759105682,-0.0709601342678,-0.0882411524653,-0.23392252624,0.0567715056241,0.0582435727119,0.0291131958365,0.091331705451,-0.0073675988242,0.046028546989,0.104070335627,0.0811358243227,-0.0051944241859,0.0510066784918,-0.0253833606839,-0.037735324353,0.0352753177285,-0.103058822453,-0.112514689565,-0.0363525561988,-0.101613603532,0.012873169966,-0.0809402689338,0.0347662344575,0.160454183817,0.0859563872218,0.0215868912637,0.00136897526681,0.122660517693,0.0542460046709,0.0769373327494,-0.0727990046144,-0.0417346358299,-0.053738296032,-0.109186172485,-0.0435737334192,-0.0673798546195,-0.176095128059,-0.0561347007751,0.0875088721514,0.0034510679543,0.0185938868672,0.00996127538383,0.015271958895,0.105376839638,0.0744084045291,0.10787088424,-0.0302697606385,0.0720502734184,0.11707110703,0.175844416022,-0.12641261518,-0.08060028404,0.00501682143658,-0.148809432983,0.000586936308537,0.167233258486,-0.0498318485916,-0.00148208963219,-0.0684147626162,0.151517257094,-0.0233992189169,0.144240066409,-0.0299554616213,-0.000204230687814,-0.00638223253191,0.106603622437,-0.0406390316784,0.140557020903,0.194452062249
-0.0729868412018,0.0584628693759,0.0203291308135,-0.00279341568239,-0.0517963021994,0.144427955151,-0.0258068908006,0.0340048111975,0.00708322506398,0.100668489933,0.0828828886151,-0.0342317484319,0.000923236133531,-0.0853761285543,0.0527160353959,-0.00517750065774,-0.183857649565,0.0931650996208,0.039359845221,-0.169524103403,0.108233749866,-0.0149853629991,0.0500675663352,-0.141917571425,0.0870739966631,0.0603502877057,-0.00807163026184,-0.14856505394,0.0386892668903,-0.0036855218932,0.0602530092001,0.056617628783,0.0479444786906,-0.00526886992157,0.0562567077577,-0.0368953831494,-0.0299281645566,0.0133370952681,0.120609253645,0.0122114317492,0.0948491096497,-0.136823758483,-0.0487544201314,0.0887797772884,-0.143474236131,-0.149868249893,0.0371862463653,-0.0921136587858,-0.0494092591107,-0.16162802279,0.0591996014118,0.121066264808,-0.0106429904699,0.0657928958535,-0.0444693937898,0.0741221830249,0.183479398489,-0.115802109241,-0.0310055986047,-0.0895198211074,-0.0851251631975,-0.155646190047,0.0534244030714,0.0286408420652,0.0730148479342,0.0533084534109,0.0149909686297,0.0326097607613,0.107841186225,0.149815142155,-0.028555996716,0.0579515956342,-0.052068118006,-0.0653529316187,0.0585308633745,-0.0673547759652,-0.159121081233,-0.0242860578001,-0.107337221503,0.0483002066612,-0.0901179686189,0.0387408509851,0.155691146851,0.0924707427621,-0.044667519629,0.0550256557763,0.138040408492,0.0372651442885,0.0131527297199,-0.0485483631492,-0.0432554893196,-0.03281525895,-0.0772726088762,-0.043797377497,-0.125240340829,-0.1322940588,-0.0728672593832,0.139554560184,0.0156238246709,0.0276780277491,0.0466301627457,0.0246822144836,0.081347450614,0.0261709075421,0.155060812831,-0.0280142575502,0.0425632633269,0.0985970720649,0.0656688883901,-0.0751001685858,-0.11364825815,-0.0140273086727,-0.105064146221,-0.106662690639,0.142764136195,-0.00746610108763,0.000711321656127,-0.0917520821095,0.142069250345,0.013895641081,0.188479021192,-0.0878776758909,0.0202489662915,-0.0577282011509,0.0785468742251,0.0175630636513,0.149772405624,0.255008459091
-0.0667002573609,0.0801747068763,-0.0641924887896,0.0376095324755,-0.0793097093701,0.144574835896,0.0211809258908,0.0497993193567,0.0611094795167,0.103655397892,0.100517086685,-0.0185171924531,0.0166910775006,-0.0281920973212,0.00468362635002,-0.0418960861862,-0.140016436577,0.114132672548,-0.0144943119958,-0.177030459046,0.0661348253489,-0.0854745134711,0.0276730302721,-0.115467436612,0.0802912712097,-0.0265482738614,0.00376513670199,-0.109580777586,-0.0279724262655,0.0261014979333,0.0524276718497,0.0958769693971,0.044401191175,-4.87668257847e-05,-0.0273279715329,-0.023579377681,-0.0702279955149,-0.0192006211728,0.00792166125029,0.0503689460456,0.102854400873,-0.123864918947,-0.0473057813942,0.136634007096,-0.150497347116,-0.174808248878,0.0116302995011,-0.108573205769,-0.0307013187557,-0.132061973214,0.119521483779,0.0943604260683,-0.0659679397941,0.0367565564811,-0.0424562171102,0.116780519485,0.092224098742,-0.0698895305395,0.0566999167204,-0.0669272094965,-0.111941993237,-0.157437294722,0.0456724725664,-0.0292082168162,0.0695932134986,0.0302018914372,0.0264230966568,0.00771880010143,0.0512087009847,0.198418557644,-0.000203644172871,0.062877997756,-0.00472997687757,-0.0642681568861,0.0118180327117,-0.0454829894006,-0.108201779425,-0.024400934577,-0.185550272465,-0.0300726257265,-0.141465321183,0.00428914604709,0.106485381722,0.0416720248759,-0.0936590880156,0.0938485711813,0.132788747549,-0.05562158674,0.0241563413292,-0.0528649762273,-0.108547069132,-0.12047047168,-0.0826213136315,-0.153312474489,-0.049060896039,-0.0859530568123,-0.0707174763083,0.076299443841,0.0237661059946,0.0743066444993,0.0113371992484,0.0415134653449,0.117926187813,0.0600970871747,0.103963196278,-0.0354297719896,-0.0391342304647,0.100650779903,-0.0195259395987,-0.099796243012,-0.126174151897,0.00178657099605,-0.085163295269,-0.1006552279,0.101005494595,-0.059003982693,0.0696395039558,-0.0990014597774,0.227712661028,0.0306595377624,0.175980433822,-0.100533545017,0.00427024951205,-0.00579051673412,0.129210174084,-0.0262060314417,0.103408232331,0.233049631119
-0.0928078964353,0.0842772945762,-0.0450587980449,-0.000920335995033,-0.108971558511,0.110293097794,0.0389996021986,0.0795350819826,0.0912019014359,0.0804983898997,0.0852628797293,-0.0332641303539,0.0563317798078,-2.12009763345e-05,0.00247684377246,-0.0677181631327,-0.151579335332,0.0663606524467,-0.0524022206664,-0.172439217567,0.0640042051673,-0.0814051255584,0.0108344107866,-0.100154422224,0.0396672189236,-0.0106609258801,0.000329063885147,-0.0982538461685,0.00704677496105,0.0286458022892,0.0574117079377,0.097928866744,0.0773713737726,-0.00678561814129,-0.0437572784722,-0.0376999750733,-0.0565616190433,0.0599848330021,-0.0344617851079,0.0572017394006,0.11614806205,-0.127977803349,-0.0733866244555,0.150472462177,-0.148265838623,-0.15626424551,-0.00581031152979,-0.109082922339,-0.0331652052701,-0.166593953967,0.0644425973296,0.0967912077904,-0.0304988138378,0.036688093096,-0.0378564111888,0.128560334444,0.0757301896811,-0.0465231761336,0.0598182193935,-0.103740796447,-0.138148069382,-0.162824720144,0.03461747244,0.0165056753904,0.0412887744606,0.0596753545105,0.0548807792366,0.00783044751734,0.0536668635905,0.130529016256,-0.00373474624939,-0.00701772002503,-0.00309133226983,-0.0726171582937,0.0681683719158,-0.0244150068611,-0.137895748019,-0.0490627773106,-0.158807739615,-0.00233676494099,-0.13463871181,-0.0195174645633,0.106891386211,0.0385260991752,-0.0687088146806,0.0833159536123,0.15788140893,-0.050437182188,0.0176207832992,-0.0484928153455,-0.104451306164,-0.141844436526,-0.0606553629041,-0.160932570696,-0.0742951184511,-0.091180421412,-0.069624312222,0.0707976594567,0.048969719559,0.0684075951576,0.0187549740076,0.051182795316,0.125792697072,0.0813988000154,0.0548364669085,-0.0475329644978,-0.0553379356861,0.116413511336,0.00513239623979,-0.145347386599,-0.0971987172961,0.00925147999078,-0.1396574229,-0.107680462301,0.0810572430491,-0.0277621280402,0.032130587846,-0.11500442028,0.224691778421,0.0337928980589,0.167704865336,-0.110036380589,-0.0356779806316,-0.00389736355282,0.117528192699,-0.0195832103491,0.0676573365927,0.228311419487
-0.0617088824511,0.0671005100012,-0.0266876388341,0.0287538003176,-0.110117219388,0.115858279169,0.0350635051727,0.0856594890356,0.111402794719,0.0808444097638,0.122168421745,-0.0388375632465,0.00348501489498,-0.0523520186543,0.0216318443418,-0.0888702645898,-0.148780629039,0.102241061628,-0.025999834761,-0.177293196321,0.0544818788767,-0.0367960818112,-0.0166552271694,-0.107985526323,0.0525856278837,-0.0143507663161,0.0180822424591,-0.0945052728057,-0.00234767305665,0.0102144572884,0.0578992143273,0.0541542172432,0.0651259720325,-0.00535387638956,0.00424992013723,-0.037930060178,-0.0500201024115,0.00732913473621,-0.0146401934326,0.0373955816031,0.115598835051,-0.119323372841,-0.0978540107608,0.17072853446,-0.14868953824,-0.185358569026,-0.0327350199223,-0.0983393639326,-0.00722832232714,-0.147586122155,0.07585003227,0.12220184505,-0.0507029853761,0.0308195520192,-0.0538421347737,0.107587888837,0.0501385703683,-0.0921015664935,0.0294392947108,-0.0814984589815,-0.125734448433,-0.199772119522,0.0447924807668,0.0217670630664,0.0370705127716,0.0221669413149,0.0711342990398,-0.0316445194185,0.0741883069277,0.157609194517,0.00039136534906,-0.00195684493519,0.020298762247,-0.0688384771347,0.00537003576756,-0.0821427106857,-0.135210186243,-0.0297982245684,-0.162511348724,-0.00377686508,-0.121966779232,0.00875085033476,0.0998420715332,0.0260914936662,-0.0256444662809,0.0582002922893,0.141741111875,-0.0442619100213,0.0304536949843,-0.0314923003316,-0.0766463652253,-0.117074050009,-0.0878065899014,-0.150106206536,-0.0665750056505,-0.113023772836,-0.0617249310017,0.0221025012434,0.0284447185695,0.0611511468887,0.0175138544291,0.0644541233778,0.127278238535,0.0095195453614,0.0886797606945,-0.0476972498,0.0110289258882,0.0743849650025,0.0157728306949,-0.0906669870019,-0.0868560522795,-0.0102808764204,-0.121144063771,-0.0965810716152,0.099949888885,-0.0675448998809,0.0677317231894,-0.127004727721,0.227060899138,-0.0169482007623,0.173904314637,-0.100235797465,-0.0113277351484,0.0104619208723,0.165518254042,-0.0506881847978,0.139862120152,0.224010512233
-0.076311968267,0.0681199729443,-0.0685666054487,0.00283165392466,-0.131447270513,0.104370824993,0.0131980730221,0.0868471488357,0.102811209857,0.0696697160602,0.0814286023378,-0.0465382114053,0.0549833700061,0.0160598568618,-0.0295584853739,-0.0679295435548,-0.120444275439,0.0946694388986,-0.0175507925451,-0.174840897322,0.0992583334446,-0.083755068481,0.00197403645143,-0.122946709394,0.0265812203288,-0.00830732379109,-0.00825672317296,-0.110723823309,-0.014852322638,0.0566544607282,0.0419799871743,0.0999485403299,0.104704141617,-0.0163334347308,-0.00890786293894,-0.0414820946753,-0.0305653940886,0.071611084044,-0.00955430418253,0.0121280867606,0.0619713887572,-0.105372384191,-0.0683418884873,0.125918075442,-0.108542241156,-0.172169834375,-0.00464597856626,-0.123286418617,-0.0428229272366,-0.166916161776,0.0552952028811,0.104581996799,0.0111697791144,0.0658207982779,-0.0387408621609,0.127108156681,0.10917674005,-0.0954330414534,0.0434560365975,-0.142085239291,-0.0955813154578,-0.15795879066,0.0372486747801,-8.57087507029e-05,0.029350342229,0.0571459084749,0.058430403471,0.0174782238901,0.0708487033844,0.119656458497,-0.00204878416844,-0.0539505593479,-0.0260654333979,-0.108247824013,0.0209469944239,-0.0220353435725,-0.126935273409,-0.0739104598761,-0.151676893234,-0.0202230829746,-0.161544367671,0.0112319272012,0.0846061185002,0.0261523649096,-0.0466559045017,0.0891889482737,0.122151464224,-0.0561361163855,0.0541231483221,-0.039433836937,-0.102881200612,-0.144758462906,-0.0549936518073,-0.139122933149,-0.0532760955393,-0.0832323729992,-0.0615675784647,0.0915975421667,0.0212556347251,0.0766708999872,0.0563087463379,0.0616582371294,0.110601693392,0.057617623359,0.064759992063,-0.0466537475586,-0.0297592543066,0.0688927546144,-0.0183479487896,-0.131127506495,-0.118784271181,-0.0364712364972,-0.137909621,-0.12517529726,0.0978091806173,-0.024545557797,0.0394839942455,-0.146633654833,0.230321466923,-0.00776230171323,0.157249227166,-0.108149655163,0.00174768734723,-0.0288450736552,0.140443667769,-0.0313186049461,0.11264141649,0.221285015345
-0.0549419559538,0.0490133315325,-0.03258921206,0.0478279702365,-0.0822786539793,0.118705034256,0.0191646832973,0.0566955283284,0.0997557044029,0.067480482161,0.1166709885,-0.018363751471,0.014180675149,-0.0195675939322,0.00292533054017,-0.053584408015,-0.123524747789,0.134187474847,-0.028339676559,-0.167324125767,0.103033922613,-0.0595752857625,0.00548460427672,-0.106364518404,0.0742679387331,-0.0226908084005,-0.00758354738355,-0.110945686698,-0.035419113934,0.0389790087938,0.061725821346,0.0822750255466,0.0705922245979,0.00650619529188,0.00907695293427,-0.0195967834443,-0.0557117275894,0.00298418034799,-0.00423968629912,0.0132408002391,0.0954182296991,-0.0888678506017,-0.0569850839674,0.155491679907,-0.141175463796,-0.19477622211,-0.00755234062672,-0.118399627507,-0.0074700419791,-0.140877336264,0.0984373241663,0.0835612490773,-0.05471047014,0.0434448160231,-0.0270641911775,0.115018747747,0.0658043175936,-0.0889323502779,0.037569578737,-0.0854090750217,-0.102670028806,-0.191927060485,0.0347892157733,-0.00588698359206,0.0647961571813,0.00938201881945,0.0388829521835,-0.00096314935945,0.0653186291456,0.191923379898,0.0193959623575,0.0224626492709,0.00743658887222,-0.104123033583,-0.0255838856101,-0.0584311522543,-0.120105922222,-0.029542606324,-0.181476786733,-0.0273066200316,-0.140434831381,0.0326229520142,0.0968020707369,0.0265560112894,-0.0621445514262,0.0682673752308,0.1378364712,-0.0452827997506,0.023129472509,-0.0363958515227,-0.0930491089821,-0.126986175776,-0.0932569727302,-0.154969230294,-0.0550377108157,-0.0883121863008,-0.0801325663924,0.0583678744733,0.0108707798645,0.0762989968061,0.0200205184519,0.0550967976451,0.121623307467,0.0241873264313,0.105033040047,-0.0447838380933,-0.0147378807887,0.0641208961606,0.00200126972049,-0.0961357355118,-0.131992995739,-0.0266700051725,-0.122185014188,-0.0937454998493,0.117874339223,-0.0565788038075,0.0755271688104,-0.135752305388,0.204391330481,0.00643223011866,0.171199426055,-0.0702946335077,0.000780277943704,0.0071721044369,0.157936692238,-0.0428731404245,0.15104213357,0.230348974466
-0.0737367495894,0.0759276747704,-0.0828456506133,-0.00550038460642,-0.135143280029,0.105054676533,-0.00662511680275,0.0766530632973,0.153787717223,0.0685162171721,0.100389353931,-0.0488691627979,0.0660109594464,0.0295387469232,-0.0325307995081,-0.0572759881616,-0.100335665047,0.105163305998,-0.0476808175445,-0.167396530509,0.100651934743,-0.0674621164799,0.0140021136031,-0.078767478466,0.0220076497644,-0.0307694952935,0.0305447205901,-0.0881411358714,0.00024612157722,0.0724160000682,0.0635964348912,0.104859516025,0.13199275732,-0.002572508296,-0.0235942173749,-0.0305757764727,-0.0296073332429,0.0844384133816,-0.0349655114114,0.0172580517828,0.0353778153658,-0.110303074121,-0.0812073275447,0.133345961571,-0.0918140336871,-0.205163910985,-0.0287256333977,-0.0921681672335,-0.0221378728747,-0.147380098701,0.0614519566298,0.104651026428,0.0204370897263,0.0418291576207,-0.0525398701429,0.141552105546,0.0824847221375,-0.080586746335,0.042258631438,-0.153420254588,-0.128626778722,-0.171436548233,0.0543859787285,-0.00801586825401,0.00790125038475,0.060859836638,0.0544188097119,0.017566146329,0.03185416013,0.129647448659,-0.018051084131,-0.0819541737437,-0.0417682379484,-0.123730748892,0.0177591666579,-0.0405116379261,-0.0982733443379,-0.0844563394785,-0.163894295692,-0.0213306564838,-0.138003945351,0.00804184097797,0.0692542344332,0.00589782511815,-0.0335288643837,0.0767143368721,0.100483976305,-0.065477617085,0.0664320513606,-0.0104548325762,-0.10468313843,-0.167825311422,-0.0645507648587,-0.114231929183,-0.0198608729988,-0.05576563254,-0.0978319942951,0.0814889892936,0.0263122227043,0.076021336019,0.0804361179471,0.047345649451,0.0913314893842,0.061306849122,0.0598173215985,-0.0452266559005,-0.0406798049808,0.0161671992391,-0.00276377354749,-0.147233605385,-0.116248227656,-0.00327441911213,-0.122884377837,-0.0952899381518,0.0984758362174,-0.0247538443655,0.0450160838664,-0.128536999226,0.241246506572,0.0182635020465,0.16423086822,-0.117094576359,-0.00293477857485,-0.022103914991,0.136951372027,-0.0310138761997,0.111377082765,0.204884454608
-0.055392023176,0.056539170444,-0.0733395069838,0.0291728582233,-0.121562279761,0.116326190531,0.0385922044516,0.0813812687993,0.0939287245274,0.104940496385,0.111211933196,-0.0614120811224,0.0408771969378,-0.0150524694473,0.0116472588852,-0.0727264657617,-0.143682032824,0.0925992429256,-0.0168029870838,-0.162944033742,0.0612714141607,-0.0898253694177,-0.00107640738133,-0.13076774776,0.0446583814919,-0.0102516403422,-0.00149396830238,-0.114164493978,-0.0134692750871,0.0275001041591,0.0438515208662,0.102769903839,0.0651823803782,-0.0152868498117,-0.00419551739469,-0.0269780568779,-0.0609539337456,0.0394034050405,-0.0244842972606,-0.00536651862785,0.0810168087482,-0.144470691681,-0.0975159183145,0.165571033955,-0.139863759279,-0.159889429808,-0.0296348687261,-0.0744483619928,-0.0294258501381,-0.162925004959,0.0706913471222,0.118994988501,-0.0265504922718,0.0280667226762,-0.0373500995338,0.104799576104,0.0614125356078,-0.0971625968814,0.0638094469905,-0.108718596399,-0.11383253336,-0.182486191392,0.0487761795521,0.015943698585,0.041842341423,0.0627456381917,0.053371373564,0.00827657058835,0.0795476511121,0.137834012508,-0.0120837157592,-0.00995571631938,0.00239734258503,-0.0937802419066,-0.00274489750154,-0.0727271661162,-0.115882948041,-0.0495132468641,-0.151695847511,-2.5725681553e-05,-0.121819190681,-0.0285566430539,0.0636489763856,-0.00411663250998,-0.0449904687703,0.0655462518334,0.124255865812,-0.0494945086539,0.0629330724478,-0.0235493332148,-0.0771187096834,-0.115219004452,-0.0822737589478,-0.153385445476,-0.082318149507,-0.0922181010246,-0.0511944293976,0.0459503754973,0.0451571829617,0.0536481328309,0.0615180358291,0.0712595358491,0.129542052746,0.00356052163988,0.0737190395594,-0.0436217226088,-0.0141531294212,0.0858815982938,0.0239122789353,-0.0977653414011,-0.0989705771208,0.00480247708038,-0.124754719436,-0.127416342497,0.113751813769,-0.0539721846581,0.0607019178569,-0.123728573322,0.235445737839,-0.0118389530107,0.161737591028,-0.126140132546,0.0135194025934,0.0138963116333,0.156802713871,-0.0452049039304,0.135402366519,0.220405712724
-0.0896511226892,0.0908041000366,-0.050697542727,-0.00120689871255,-0.110731035471,0.100482940674,0.0240030288696,0.0857004001737,0.118682004511,0.0551918968558,0.0699268132448,-0.04027255252,0.0590919926763,0.0103545226157,-0.0246650762856,-0.0562931448221,-0.12455265969,0.0735912322998,-0.0491495244205,-0.170861557126,0.107729017735,-0.0817876234651,0.0120598217472,-0.0956554412842,0.0437305942178,-0.02266263403,-0.0120923817158,-0.0953657478094,0.0217778515071,0.0584392733872,0.065079189837,0.106801703572,0.107966184616,-0.00569635722786,-0.0316210202873,-0.0568784959614,-0.020767595619,0.0891325622797,-0.0158016588539,0.0243332497776,0.0932340100408,-0.105879381299,-0.041307374835,0.123098619282,-0.116925016046,-0.19014711678,0.00232039531693,-0.124954245985,-0.0227616447955,-0.161560580134,0.0485510490835,0.0979247540236,0.0100426143035,0.0604092665017,-0.0268487073481,0.128838256001,0.107773631811,-0.0707393288612,0.0454460866749,-0.159039497375,-0.126777887344,-0.16091299057,0.0315605401993,-3.25643231918e-05,0.0164449810982,0.0786248967052,0.0563994348049,-0.000843812769745,0.0486017800868,0.10471124202,-0.0130503010005,-0.0394611209631,-0.0289965346456,-0.0838996917009,0.0650641098619,-0.0189440064132,-0.121317572892,-0.0688474401832,-0.150736525655,-0.00634947000071,-0.146371558309,0.0182247050107,0.117520324886,0.0486141629517,-0.0248225741088,0.0869894847274,0.129454776645,-0.0327636562288,0.0449709035456,-0.0468383729458,-0.101236984134,-0.156015068293,-0.0627796575427,-0.142608508468,-0.0508452951908,-0.0932282060385,-0.0772592350841,0.113726101816,0.021302074194,0.0720032453537,0.0406975857913,0.0400007553399,0.122297570109,0.100128062069,0.0419782102108,-0.0434341169894,-0.0419774800539,0.0878341719508,0.0093751186505,-0.154254585505,-0.11250756681,-0.012165046297,-0.155825838447,-0.0970642268658,0.089756295085,-0.0202268436551,0.0348080955446,-0.12770549953,0.220183834434,0.02535501495,0.164044260979,-0.0842787027359,-0.0180859398097,-0.0316872037947,0.104133188725,-0.0213573332876,0.0888661965728,0.225738927722
-0.0696824193001,0.0379369035363,-0.0514776743948,0.0391912981868,-0.0962485745549,0.0979706421494,0.0477351509035,0.0709750428796,0.106818422675,0.0824291557074,0.102298818529,-0.00424560625106,0.0189061779529,-0.0199888218194,-0.0150114689022,-0.0841936096549,-0.126204922795,0.107574388385,-0.0111097590998,-0.167997479439,0.0758834034204,-0.0749527961016,-0.00865840632468,-0.0983522757888,0.0540236234665,-0.00252010603435,0.00844848901033,-0.117694817483,-0.0222109276801,0.0406282395124,0.0471281222999,0.0692371577024,0.0795760080218,-0.0222300123423,-0.00615509273484,-0.0439924560487,-0.0680640563369,0.031697511673,-0.0295046325773,0.022223604843,0.106854341924,-0.0934731960297,-0.0881561860442,0.17158652842,-0.158519759774,-0.177117869258,-0.0240539554507,-0.123413898051,0.00820680335164,-0.172802329063,0.0891869738698,0.102427519858,-0.0332765616477,0.0275617353618,-0.0207489915192,0.12109926343,0.0661812722683,-0.0653629153967,0.0396177768707,-0.0786255896091,-0.108666725457,-0.203965112567,0.0427940972149,0.0166987776756,0.0685416683555,0.000792130886111,0.048730507493,-0.0111127756536,0.0708968490362,0.156998515129,0.0181225389242,0.00851580966264,0.00893324706703,-0.0971755161881,-0.00712443143129,-0.0331718102098,-0.130638808012,-0.0249506291002,-0.167142897844,-0.0149643784389,-0.164629414678,0.0086899343878,0.106448143721,0.0385754778981,-0.0452891588211,0.0387928113341,0.161732465029,-0.0379617810249,0.0274808816612,-0.062347009778,-0.117266237736,-0.118603594601,-0.0702783241868,-0.160910025239,-0.0607902184129,-0.112207725644,-0.0485207699239,0.0324637107551,0.0370595864952,0.0682816579938,0.0264380536973,0.0715971887112,0.129690885544,0.0281112175435,0.0762625560164,-0.0635430663824,-0.00888585764915,0.0695360377431,0.00283738062717,-0.102869428694,-0.103274725378,-0.023733979091,-0.123632222414,-0.10949793458,0.10183955729,-0.0399524308741,0.05620624125,-0.137837290764,0.208052232862,0.00445811543614,0.153908610344,-0.0911476537585,-0.0329092107713,-0.0124020725489,0.150502324104,-0.0202265437692,0.113605260849,0.230147540569
-0.0819214060903,0.0638186633587,-0.0504482351243,0.0315793380141,-0.103012278676,0.110348396003,0.0341575555503,0.0849546715617,0.102644093335,0.0478184521198,0.0771481469274,-0.0161056239158,0.0250315908343,-0.000860589381773,-0.0307715646923,-0.0806402340531,-0.136472001672,0.0933024063706,-0.0253507681191,-0.165153965354,0.0902634933591,-0.0988366082311,0.0101967863739,-0.0972026661038,0.0582861341536,-0.0350156277418,-0.00975642632693,-0.100771978498,-0.0221353750676,0.0387472584844,0.0526702664793,0.0751883089542,0.0920931696892,-0.0127909593284,-0.0303756203502,-0.0458315387368,-0.0574724860489,0.034143358469,-0.0441034510732,0.0204035323113,0.1113383919,-0.0986033380032,-0.0459631979465,0.146125763655,-0.146561488509,-0.190960362554,0.00282624433748,-0.1429643929,-0.018678067252,-0.138963922858,0.0631631016731,0.0801105350256,-0.0125280898064,0.055664088577,-0.0156873371452,0.129291832447,0.0854869484901,-0.0625396966934,0.0536643974483,-0.12331789732,-0.113788828254,-0.152806296945,0.0386917069554,-0.00649450207129,0.0449722222984,0.0581991784275,0.0484715774655,-0.0239193029702,0.0446059033275,0.146596133709,0.00378187187016,-0.00573994172737,0.00119314494077,-0.0764068737626,0.0352930016816,-0.0164814591408,-0.115208692849,-0.0603875741363,-0.162752732635,-0.0283544119447,-0.173107028008,0.0083054099232,0.109551809728,0.0406815074384,-0.046844098717,0.0892766490579,0.134552657604,-0.0422461815178,0.0351203791797,-0.051233459264,-0.0983740389347,-0.146879673004,-0.0678949058056,-0.173520550132,-0.0405130907893,-0.0951918140054,-0.0680084973574,0.0886910706758,0.022752834484,0.0800991430879,0.0199137981981,0.0520399883389,0.138087689877,0.0550237074494,0.0564050674438,-0.0321447625756,-0.0294962804765,0.0878993868828,-0.0241945181042,-0.132527753711,-0.108104228973,-0.022087264806,-0.120509758592,-0.114301264286,0.0892025530338,-0.0386359989643,0.0707681551576,-0.125513732433,0.238360777497,0.0237783100456,0.157737478614,-0.0956877097487,-0.0238314829767,-0.0277942083776,0.123059883714,-0.0182291641831,0.110869765282,0.235982134938
-0.0660719126463,0.077124722302,-0.0239568389952,0.031440474093,-0.12870208919,0.097429163754,0.0549875721335,0.111975952983,0.114702664316,0.0607723221183,0.0966058149934,-0.0300517342985,0.000332891242579,-0.0398276746273,0.0138114625588,-0.127401903272,-0.142527729273,0.0410987250507,-0.0146576464176,-0.171234279871,0.0327722504735,-0.0810145437717,-0.0315297134221,-0.111811980605,0.0649775341153,-0.0295554623008,0.0219333581626,-0.0757123455405,-0.0240095127374,0.00152600242291,0.0576175414026,0.0423009693623,0.0868260711431,0.0026671111118,-0.0276369359344,-0.0563983507454,-0.0286909434944,0.0334487482905,-0.0308664776385,0.0202077925205,0.136147707701,-0.14197434485,-0.0769645646214,0.132756769657,-0.135077759624,-0.162683010101,-0.0368030183017,-0.127203598619,-0.021612463519,-0.148726090789,0.0415837168694,0.129820287228,-0.0133248213679,0.0437388904393,-0.0260062869638,0.113071642816,0.02532639727,-0.08614577353,0.0134545136243,-0.101321853697,-0.124711044133,-0.190272808075,0.0272476561368,-0.00225304136984,0.0339663811028,0.0764076560736,0.0759197622538,-0.0304867252707,0.0432169511914,0.111844584346,-0.00501018203795,-0.0252007208765,-0.00756081053987,-0.0583821795881,0.0559948645532,-0.0338067039847,-0.102415323257,-0.0512135215104,-0.137277588248,0.0183066762984,-0.183241307735,-0.0351521521807,0.115314312279,0.0322540067136,-0.0139198377728,0.060056194663,0.139170095325,-0.0375036634505,0.0472362749279,-0.033933442086,-0.0841478556395,-0.146038860083,-0.0501792766154,-0.140053555369,-0.0752148553729,-0.119480878115,-0.0327179580927,0.00355772068724,0.0458254404366,0.0519081167877,0.00108378240839,0.0624067224562,0.115199811757,0.0329567678273,0.0566180050373,-0.0273182634264,0.00614403188229,0.103271275759,-0.019368102774,-0.124238304794,-0.0786206871271,-0.0183462854475,-0.135643899441,-0.103356316686,0.0995070114732,-0.0697945430875,0.0506049133837,-0.120321497321,0.257990658283,0.00746490573511,0.161747768521,-0.0982056409121,-0.032360881567,0.013543440029,0.191928982735,-0.0442160256207,0.143856704235,0.2079398036
-0.0594264902174,0.0746051669121,-0.0282896049321,0.0236359853297,-0.147031798959,0.111129775643,0.0175350550562,0.0975412502885,0.0990418866277,0.0440105162561,0.0971774533391,-0.0499593317509,0.0377811789513,-0.0175261329859,-0.0160310398787,-0.0782462283969,-0.14216555655,0.0600671358407,-0.0257869306952,-0.161535039544,0.0927339047194,-0.0715945065022,-0.0103411469609,-0.088642783463,0.0429700016975,-0.00555585604161,0.00351794296876,-0.093338727951,0.0133799733594,0.035466901958,0.0456100925803,0.090814165771,0.0900031253695,0.00512478081509,-0.0267029348761,-0.0592323243618,-0.0249699484557,0.071878798306,-0.00316750817001,0.0123638277873,0.0905565395951,-0.134769693017,-0.065515331924,0.114885866642,-0.108090423048,-0.204272687435,-0.00449153641239,-0.12370480597,-0.0389719381928,-0.144519552588,0.0509023405612,0.122473835945,0.0209046006203,0.0780132785439,-0.0218214709312,0.110464051366,0.0981025993824,-0.0947011485696,0.0413563400507,-0.165603548288,-0.117748871446,-0.161130189896,0.0408748202026,0.00817440263927,-0.00741983950138,0.106405861676,0.0843176543713,-0.0327687710524,0.0574628189206,0.0960697010159,-0.0403874665499,-0.0588813312352,-0.0201760008931,-0.0546443685889,0.0683861225843,-0.0633211731911,-0.107900798321,-0.0837492793798,-0.134582221508,0.0313220769167,-0.129919022322,-0.00534374685958,0.113069295883,0.00628370512277,0.000364586972864,0.0880781188607,0.117177128792,-0.0386778898537,0.0549477078021,-0.0263198595494,-0.0648778229952,-0.143685474992,-0.0628689900041,-0.116444163024,-0.0766822323203,-0.0974268838763,-0.0589217357337,0.0877817198634,0.0400670431554,0.0541430488229,0.0465518385172,0.0595564767718,0.118804425001,0.0713412314653,0.0584797412157,-0.027776742354,-6.78265132592e-05,0.0914152413607,0.0039045275189,-0.149357259274,-0.0970460250974,0.000761326693464,-0.145344316959,-0.115638308227,0.104292705655,-0.0391013137996,0.051633965224,-0.128244236112,0.24003085494,-0.00780405523255,0.16353200376,-0.110432751477,0.00776309752837,-0.0342749021947,0.134734064341,-0.0241428539157,0.14336386323,0.225120186806
-0.0662703290582,0.100002720952,-0.00205001863651,0.0297470670193,-0.119615733624,0.0997339487076,0.0626588314772,0.113357976079,0.127635389566,0.0742277130485,0.120477095246,-0.0276904236525,-0.000104746752186,-0.0466434508562,0.0172315370291,-0.134025976062,-0.115006200969,0.0775764361024,-0.0460115000606,-0.181140914559,0.0432948358357,-0.0681299418211,-0.0462102666497,-0.072512768209,0.0676253512502,-0.0556334741414,0.0187035277486,-0.0545364134014,-0.0125816492364,0.0046289935708,0.0646366402507,0.014775368385,0.0749579593539,0.0154403150082,-0.0224106013775,-0.0607517622411,-0.0357201844454,0.0219815243036,-0.037501078099,0.0442394949496,0.129354923964,-0.112458072603,-0.0859206393361,0.141045451164,-0.125272393227,-0.184747114778,-0.0485337898135,-0.119272783399,-0.0193958040327,-0.146922677755,0.0667599886656,0.126622140408,-0.0543103218079,0.0253479406238,-0.0468571707606,0.125718832016,-0.000991719774902,-0.0687767788768,0.0108087053522,-0.0860407277942,-0.123709328473,-0.197016507387,0.0208032783121,-0.0104051027447,0.0313501693308,0.0431733727455,0.0781239271164,-0.037496920675,0.0217985622585,0.138163477182,0.0185623448342,-0.0175439026207,0.00546652730554,-0.0648672804236,0.0315046720207,-0.0429232269526,-0.107423327863,-0.025083437562,-0.136609643698,-0.00823007244617,-0.19605281949,-0.0108189303428,0.118956029415,0.0354432091117,-0.0212644804269,0.0520366430283,0.145932018757,-0.0535226203501,0.0466929525137,-0.031303640455,-0.0998959094286,-0.164635673165,-0.0423059500754,-0.147446662188,-0.0538005232811,-0.12725289166,-0.0478198155761,-0.0271817073226,0.0232369452715,0.06480371207,-0.00841921567917,0.0722760781646,0.105577729642,0.0430960282683,0.0646127387881,-0.0315637104213,0.00467146001756,0.0756358504295,-0.0165031589568,-0.125964030623,-0.0754013359547,-0.01702843979,-0.131966128945,-0.0673573613167,0.0944218188524,-0.0763517171144,0.0441842377186,-0.123492479324,0.243633821607,0.00485445931554,0.153385445476,-0.0840011611581,-0.0597127713263,0.0328339673579,0.201216474175,-0.0486419647932,0.126234680414,0.185067757964
-0.07684314996,0.0368554145098,-0.0672287344933,0.0297570861876,-0.0969430431724,0.106571681797,0.00342250894755,0.0757394209504,0.123014733195,0.0481294505298,0.0925984606147,-0.0238330885768,0.05470013991,0.0134010873735,-0.0123865157366,-0.0248246025294,-0.123186998069,0.0657347887754,-0.0195177420974,-0.146247014403,0.116752073169,-0.0757240876555,0.0147858932614,-0.0967318117619,0.0569229573011,0.00568984122947,0.000932832132094,-0.122226767242,0.00480707129464,0.0595631301403,0.0753113850951,0.129413694143,0.116263628006,-0.0100252553821,-0.032045327127,-0.0154382744804,-0.0277901254594,0.0620135143399,-0.0145127754658,0.000762907322496,0.103154331446,-0.108071304858,-0.0458630695939,0.132970511913,-0.124976679683,-0.206382885575,0.00663216132671,-0.125039055943,0.00499745225534,-0.174474477768,0.046786967665,0.0728422403336,0.0162188168615,0.0576818957925,-0.00157677242532,0.128526225686,0.0881253182888,-0.0802964195609,0.0450128652155,-0.14018958807,-0.138644635677,-0.187164843082,0.0417585484684,-0.00568177783862,0.0352182239294,0.0834541320801,0.0500588156283,0.00382377556525,0.0763564407825,0.105268374085,-0.0248816553503,-0.019512463361,-0.0291127301753,-0.110638678074,0.0535184666514,-0.0306489150971,-0.107586249709,-0.0543226376176,-0.172560945153,0.00911196880043,-0.11710074544,0.0147597510368,0.108605802059,0.027602724731,-0.0270124282688,0.0900681242347,0.137703076005,-0.0164524354041,0.0294333249331,-0.0481207333505,-0.0868186503649,-0.129873469472,-0.0978316441178,-0.119290210307,-0.0623337440193,-0.0745767354965,-0.0825010016561,0.102235749364,0.0342764779925,0.0659754499793,0.0428430214524,0.0183980427682,0.126068204641,0.0527340508997,0.0503320023417,-0.0286515224725,-0.0288183931261,0.0662002936006,0.0104550141841,-0.139335364103,-0.139568060637,-0.0130651565269,-0.143563583493,-0.122707754374,0.114237710834,-0.0280744433403,0.0472751930356,-0.131392598152,0.20085157454,0.024506514892,0.171296104789,-0.0873067378998,0.0105249369517,-0.0256693772972,0.102445423603,-0.00487225502729,0.117058448493,0.248176202178
-0.0767969414592,0.0405666604638,-0.00245140539482,0.0499159060419,-0.101919107139,0.128412559628,0.0399812608957,0.06380879879,0.105823688209,0.0596109628677,0.108127705753,-0.0158788710833,0.0153400618583,-0.0396064594388,0.0258278436959,-0.0769020020962,-0.15313129127,0.0881600230932,-0.0340557694435,-0.175701826811,0.0749278739095,-0.0552268363535,0.00212207715958,-0.0588953047991,0.0645930990577,-0.0132698938251,-0.00115474802442,-0.127268090844,-0.0107142366469,0.0130895404145,0.0884032472968,0.0650888681412,0.0610606856644,-0.000675469462294,-0.00685938913375,-0.0176270268857,-0.0738662332296,0.0181226283312,-0.0441613383591,0.0439765304327,0.136296793818,-0.111751757562,-0.104783214629,0.164922684431,-0.158319860697,-0.181128710508,-0.0175186339766,-0.111511543393,-0.00190258026123,-0.166017994285,0.0834280848503,0.0868965610862,-0.0217463411391,0.0125863682479,-0.0215816348791,0.127199351788,0.0566594973207,-0.0459578409791,0.0504473932087,-0.078874103725,-0.140888765454,-0.178533032537,0.0310244392604,0.00901647377759,0.0705045163631,0.0231425203383,0.0698372945189,-0.0274035241455,0.0501875430346,0.173810571432,0.00253270589747,0.0204841103405,0.00761039368808,-0.081195615232,0.0286667179316,-0.0513795502484,-0.145328253508,-0.0223777052015,-0.163697212934,0.0213826410472,-0.132971420884,-0.00186481769197,0.111391626298,0.0181668158621,-0.0551168844104,0.0467291250825,0.171788230538,-0.0458206795156,-0.0251463167369,-0.0482174083591,-0.0865775346756,-0.108425237238,-0.0686530992389,-0.157714724541,-0.0842675417662,-0.0924977809191,-0.062850356102,0.0322457365692,0.046542070806,0.0703168064356,0.0204472076148,0.0597201548517,0.1188076213,0.02611355111,0.0836999714375,-0.0545460768044,-0.0109841236845,0.0697672069073,0.0156007492915,-0.106700450182,-0.100440777838,0.00623502256349,-0.122730076313,-0.124572113156,0.106652677059,-0.0278353150934,0.0414600744843,-0.124533295631,0.198186561465,0.0310747809708,0.171609967947,-0.10213021189,-0.0450962036848,-0.00190455513075,0.137107864022,-0.00029852607986,0.110493339598,0.235613077879
-0.087958984077,0.0961465090513,-0.0610755756497,0.00770847126842,-0.120218448341,0.110178150237,0.0269967596978,0.0677595958114,0.122617714107,0.0540521256626,0.0839021801949,-0.0294292196631,0.0429926253855,-0.00592929357663,-0.0248367954046,-0.0826023072004,-0.143702179194,0.066575370729,-0.0396829992533,-0.177730068564,0.0771411210299,-0.0704048499465,-0.00658186385408,-0.0978726670146,0.0443490557373,-0.0236310269684,0.00393098779023,-0.0959427952766,0.00320887286216,0.0595135502517,0.0653552860022,0.0870262756944,0.0941283404827,-0.0150015521795,-0.0277171805501,-0.0437409840524,-0.0405166223645,0.0511369854212,-0.024820394814,0.0474065952003,0.101931117475,-0.118719741702,-0.0672696977854,0.149830937386,-0.126584380865,-0.168492391706,-0.00396619737148,-0.119108021259,-0.0231262147427,-0.163024231791,0.0570589341223,0.115578487515,0.00197822297923,0.0408678986132,-0.0381169505417,0.13289655745,0.0731264650822,-0.0584447421134,0.0400069765747,-0.122882820666,-0.131436005235,-0.16457913816,0.0481512621045,0.00501300487667,0.0256304051727,0.0460472516716,0.0719193294644,-0.0117150135338,0.0475111156702,0.121318265796,-0.000912592338864,-0.0335617624223,-0.0158777851611,-0.0861240252852,0.0556977316737,-0.0172209534794,-0.134180963039,-0.0659181475639,-0.165539875627,0.0104679334909,-0.145127296448,0.00374558847398,0.107442878187,0.0475905835629,-0.0437157414854,0.0843145549297,0.137615427375,-0.0612893179059,0.0232324115932,-0.0449835769832,-0.108326382935,-0.157024815679,-0.0588317327201,-0.146138802171,-0.060572180897,-0.0998045131564,-0.0688897743821,0.0669527798891,0.0407074689865,0.0696645379066,0.029022609815,0.0585579946637,0.118817821145,0.0775059312582,0.0398017019033,-0.0435699746013,-0.0363096520305,0.0998932346702,-0.0167104173452,-0.130209863186,-0.0899489074945,-0.0211411975324,-0.150661155581,-0.104741796851,0.0729684233665,-0.0249695628881,0.0325910635293,-0.121651411057,0.237243413925,0.0233917981386,0.16740450263,-0.104019470513,-0.0321818068624,-0.0215478464961,0.130898103118,-0.0212096124887,0.088886782527,0.224990412593
-0.0642305910587,0.0594386644661,-0.0685250833631,0.0387211889029,-0.0927808508277,0.120409235358,0.0123653560877,0.0627627447248,0.0778086036444,0.060631532222,0.1059904024,-0.0196228027344,0.0279314927757,0.0136116221547,0.00406304653734,-0.0640592500567,-0.100911334157,0.10661880672,-0.00219707051292,-0.162315070629,0.0759972333908,-0.0785919129848,0.0278879143298,-0.0932909697294,0.0691358223557,-0.0351489670575,0.0257035102695,-0.112999007106,-0.0422218777239,0.0372953340411,0.0590217225254,0.0641055777669,0.0964849814773,-0.00930645037442,-0.0182605013251,-0.0074621681124,-0.0567493215203,0.0038751414977,-0.0485844276845,0.0289266631007,0.09009103477,-0.0923586711288,-0.0535617396235,0.172840222716,-0.16246651113,-0.147772401571,0.0158629156649,-0.128789514303,-0.0349291451275,-0.142317742109,0.0926836282015,0.0685330480337,-0.0380551964045,0.0329819507897,-0.0280944611877,0.134943887591,0.0603460632265,-0.0564897470176,0.0715040042996,-0.0815165191889,-0.120108649135,-0.170549020171,0.0375491268933,-0.0299106761813,0.0842297077179,0.0145446937531,0.0358585566282,-0.00276750093326,0.0465658120811,0.184497967362,0.0166480615735,0.0081055816263,-0.00464148586616,-0.125736936927,0.010925966315,-0.022211432457,-0.120467722416,-0.0193870291114,-0.185314208269,-0.029981771484,-0.168182015419,-0.000183935757377,0.0765193477273,0.0215888377279,-0.0808532238007,0.0869783759117,0.127058640122,-0.0774647518992,0.0016067775432,-0.0398817807436,-0.108256220818,-0.13858678937,-0.087879255414,-0.175972878933,-0.0316156409681,-0.0771697461605,-0.0642598047853,0.0741693899035,0.0257560834289,0.0703074261546,-0.00193582801148,0.0648478716612,0.134681865573,0.0324308089912,0.0591939240694,-0.037350460887,-0.040236864239,0.0791657716036,-0.0287527870387,-0.124289229512,-0.119080029428,-0.0248135272413,-0.0980844050646,-0.115609809756,0.0929083377123,-0.0503167398274,0.0624289996922,-0.146876990795,0.221911162138,0.0356695465744,0.161525532603,-0.102042995393,-0.0249251462519,0.00976107642055,0.155542910099,-0.0310282725841,0.119706645608,0.22695723176
-0.0905649587512,0.0775818154216,-0.064472258091,-0.00604655081406,-0.140680670738,0.138752251863,0.0227905400097,0.0797417536378,0.105220489204,0.0713505223393,0.0769397392869,-0.0544289126992,0.0399572364986,0.0052017942071,-0.0142752472311,-0.0914978161454,-0.157337352633,0.0843912884593,-0.0338791944087,-0.198211997747,0.0546850152314,-0.0851246416569,0.0150411175564,-0.112225361168,0.0243354495615,-0.0313033647835,0.000387702835724,-0.105165846646,-0.0260428059846,0.014036863111,0.0688471570611,0.063781529665,0.0696017071605,-0.0258083324879,-0.0180394407362,-0.0247236583382,-0.0731406658888,0.0481623858213,-0.0411315560341,0.0593830682337,0.078159160912,-0.114706739783,-0.109637863934,0.14285877347,-0.123744904995,-0.166017845273,-0.026139581576,-0.103107511997,-0.0466382391751,-0.149377882481,0.0489739440382,0.0984027385712,0.00217177229933,0.0340742766857,-0.0711967721581,0.134398534894,0.0890066474676,-0.0449887700379,0.057818505913,-0.117442168295,-0.12308691442,-0.117465391755,0.0573785677552,-0.00693155359477,0.0412921346724,0.0600389875472,0.0730829313397,0.0126808295026,0.0403372459114,0.153332650661,0.00862639490515,-0.0251800045371,-0.00233955867589,-0.0807794108987,0.0308226905763,-0.0270846430212,-0.144301965833,-0.089880220592,-0.154457375407,-0.0207523535937,-0.157645389438,-0.0211033653468,0.0766410604119,0.0165626741946,-0.0849690064788,0.0840124338865,0.131151303649,-0.0793962627649,0.0284281056374,-0.0438966713846,-0.0956305786967,-0.146063104272,-0.0275809653103,-0.161855056882,-0.0406332090497,-0.075673379004,-0.0625590085983,0.0642307251692,0.0282745622098,0.0967588871717,0.0424065850675,0.0612735338509,0.0951698794961,0.0415753535926,0.0661007538438,-0.0398129299283,-0.0407382324338,0.0636523589492,-0.033082768321,-0.121738366783,-0.0846030861139,-0.00489205867052,-0.0994272083044,-0.124964475632,0.0811551809311,-0.0158267430961,0.0338125340641,-0.105691090226,0.25625744462,0.00814184639603,0.158450439572,-0.150937080383,-0.0234569068998,-0.0247139148414,0.138488262892,-0.0201886184514,0.0744759067893,0.220378622413
-0.0493568591774,0.0269173793495,-0.0208903215826,0.0137914316729,-0.0739548951387,0.119961038232,0.072360612452,0.103271946311,0.115205347538,0.10046055913,0.125718653202,-0.00434474973008,0.0358543917537,-0.0335560888052,0.0359483361244,-0.0526911579072,-0.132360443473,0.0614955946803,-0.0584627129138,-0.170546516776,0.0776492506266,-0.0527525693178,-0.0301670711488,-0.0849086791277,0.0576992034912,0.0265113245696,0.0123197073117,-0.0917724817991,0.0150681333616,0.00481099588797,0.0679643899202,0.113224647939,0.0469533763826,0.0305764861405,-0.041287869215,-0.032915212214,-0.0404755175114,0.045277107507,0.0132802082226,0.0312947928905,0.153906881809,-0.121592350304,-0.0811863988638,0.129373386502,-0.135922864079,-0.222066342831,-0.0562559664249,-0.093270458281,0.0152291618288,-0.180853977799,0.0663929730654,0.097170047462,-0.0698254257441,0.0377562493086,-0.00451003294438,0.114035122097,0.0257825721055,-0.0411148555577,-0.00485648494214,-0.0709453672171,-0.145166575909,-0.227161198854,0.0504917353392,0.00412899581715,0.0407562032342,0.0754736959934,0.0420347079635,0.021413365379,0.0710984542966,0.133794486523,-0.014433382079,0.0330500788987,-0.00873959250748,-0.0553419664502,0.0389021225274,-0.064830750227,-0.0937316045165,-0.017322646454,-0.151980191469,-0.00635476736352,-0.115438520908,0.000312158343149,0.149428874254,0.0215370636433,-0.0432486496866,0.0303554814309,0.199853047729,0.00792072247714,0.0440515093505,-0.0448710434139,-0.0672243312001,-0.132440924644,-0.0894554108381,-0.109731502831,-0.0788026675582,-0.0913598388433,-0.0599807836115,-0.00392933003604,0.0454045496881,0.0709935724735,0.0181354414672,0.0232395380735,0.097065359354,0.0573557168245,0.0844618231058,-0.0399470366538,-0.03067047894,0.0670035853982,0.0282979011536,-0.139413937926,-0.108653262258,0.0298215039074,-0.13988609612,-0.076596789062,0.1579066962,-0.0539357028902,0.0496348254383,-0.110471144319,0.196941971779,0.0239948444068,0.188909605145,-0.0815329551697,0.00297307688743,0.0226709321141,0.13133341074,-0.0207828041166,0.110060013831,0.216710239649
-0.0843349993229,0.121725834906,-0.0545616783202,-0.00418942933902,-0.114768251777,0.128421261907,0.0365634560585,0.0701706930995,0.111693948507,0.0741648972034,0.0783752277493,-0.0581834204495,0.062146384269,0.00759424874559,-0.0148446019739,-0.0591447390616,-0.138979494572,0.0820116400719,-0.0731797963381,-0.188628032804,0.0997313410044,-0.096924893558,0.00703265052289,-0.086507588625,0.0544376596808,-0.0543039552867,-0.0210088714957,-0.0816891789436,0.0230502542108,0.0591706223786,0.0649348944426,0.110324464738,0.0764840915799,0.00744416192174,-0.0373898968101,-0.052446488291,-0.0477684661746,0.0608615092933,-0.0194491781294,0.0295116659254,0.0856267213821,-0.136416316032,-0.0443094484508,0.120213314891,-0.100640013814,-0.177968263626,-0.0096277045086,-0.0926851406693,-0.0550444535911,-0.156748771667,0.0603959262371,0.10721231997,-0.000289585761493,0.0371402949095,-0.0469984859228,0.138528749347,0.084119066596,-0.0494232028723,0.0547638982534,-0.148323103786,-0.127844169736,-0.130082085729,0.0419845953584,-0.00913230888546,0.0128970881924,0.103339366615,0.0446063689888,0.00828804913908,0.0147078307346,0.126215666533,-0.0162464361638,-0.0305386148393,-0.032908346504,-0.0848374888301,0.061581607908,-0.0227935034782,-0.106241673231,-0.084859572351,-0.150559261441,-0.00791607610881,-0.135821923614,-0.00702582998201,0.101095117629,0.0309642795473,-0.0596394613385,0.0988201573491,0.115531288087,-0.0657029077411,0.0462163500488,-0.0170136969537,-0.0913114696741,-0.172311127186,-0.058989264071,-0.142805755138,-0.056869212538,-0.0738359615207,-0.089844815433,0.0941019505262,0.0346254110336,0.0773451179266,0.0631951540709,0.0448227822781,0.10903352499,0.100463815033,0.046955652535,-0.0309039559215,-0.0579937137663,0.0996348187327,-0.00290732900612,-0.155982017517,-0.093318760395,0.00903407111764,-0.14406439662,-0.0964706912637,0.0939907580614,-0.0178136546165,0.0253148339689,-0.0884260609746,0.244027599692,0.0425702258945,0.168851152062,-0.117288984358,-0.0221185851842,-0.0170538984239,0.109647586942,-0.0144422017038,0.0793269425631,0.203518345952

